1,Darwin Berth,dberth0@php.net,684-437-5450,742-327-2544,1
2,Amelie Bagley,abagley1@tinypic.com,321-126-6240,798-754-9183,1
3,Brade Crus,bcrus2@state.gov,799-825-9286,722-998-4983,1
4,Gena Ringe,gringe3@apple.com,739-920-8733,701-699-4873,1
5,Janna Champness,jchampness4@newsvine.com,113-449-4403,279-789-9828,1
6,Lelia Jopling,ljopling5@purevolume.com,396-645-5261,257-911-7392,1
7,Guenna Kencott,gkencott6@webeden.co.uk,451-100-3535,977-861-8211,1
8,Jessey Matteau,jmatteau7@com.com,775-842-5391,895-234-0748,1
9,Corey Grayland,cgrayland8@cisco.com,854-910-1424,526-518-1478,1
10,Alys St. Hill,ast9@eventbrite.com,807-609-3513,951-247-5050,1
11,Issi Milburn,imilburna@jalbum.net,818-189-7853,177-986-5153,1
12,Sergio Louiset,slouisetb@edublogs.org,639-988-7260,339-167-3009,1
13,Amber Charette,acharettec@tinypic.com,304-331-0706,758-153-2886,1
14,Ferguson Martensen,fmartensend@youtu.be,835-194-2834,150-419-2502,1
15,Jo-ann Janew,jjanewe@wufoo.com,785-452-5644,426-445-0606,1
16,Gale Wellings,gwellingsf@harvard.edu,726-354-3190,272-161-3351,1
17,Gertrude Ofield,gofieldg@prweb.com,681-708-9020,539-297-3123,1
18,Bamby Gonzalvo,bgonzalvoh@cocolog-nifty.com,991-953-3160,368-322-8589,1
19,Celie Ainge,caingei@princeton.edu,711-934-2865,362-208-4295,1
20,Fernande Durie,fduriej@stumbleupon.com,359-964-0899,912-313-0704,1
21,Rubie Marcussen,rmarcussenk@wisc.edu,257-763-8372,889-769-1213,1
22,Darcie Dayborne,ddaybornel@godaddy.com,114-581-3830,794-415-1696,1
23,Myrwyn Garmey,mgarmeym@soundcloud.com,652-129-5357,708-575-1570,1
24,Mac Carsberg,mcarsbergn@si.edu,238-505-5119,710-387-2772,1
25,Rey Offen,roffeno@alibaba.com,235-314-8265,666-406-0836,1
26,Mehetabel Rentelll,mrentelllp@sohu.com,188-115-4742,875-607-1589,1
27,Alon Higgoe,ahiggoeq@e-recht24.de,111-871-3711,712-191-7150,1
28,Madeleine Courvert,mcourvertr@ihg.com,882-553-9655,243-551-4820,1
29,Cherice Bogey,cbogeys@mapquest.com,743-550-2678,505-801-9607,1
30,Erik Gammade,egammadet@blogger.com,339-644-5838,943-822-0598,1
31,Rafi Leaning,rleaningu@soup.io,798-321-0588,195-296-6643,1
32,Trent Stealfox,tstealfoxv@economist.com,609-698-8651,123-854-4508,1
33,Lola Mcsarry,lmcsarryw@usa.gov,115-146-2784,173-589-3250,1
34,Dede MacNeil,dmacneilx@eventbrite.com,372-395-1641,253-930-5885,1
35,Winthrop Rozenzweig,wrozenzweigy@cargocollective.com,321-229-3493,327-505-9107,1
36,Midge Pee,mpeez@webeden.co.uk,843-275-5496,135-362-1629,1
37,Kylynn Wetton,kwetton10@fotki.com,146-454-6986,237-278-2859,1
38,Orella Kestin,okestin11@yellowbook.com,743-382-8724,874-108-6122,1
39,Loni Corbould,lcorbould12@dell.com,414-702-6074,412-106-2199,1
40,Izabel Dartnall,idartnall13@webeden.co.uk,894-837-9295,498-618-3858,1
41,Denny Lowre,dlowre14@netscape.com,668-872-8459,560-339-6214,1
42,Ketty Cronchey,kcronchey15@de.vu,199-745-7401,426-606-1216,1
43,Sonnie Saffen,ssaffen16@canalblog.com,398-715-6557,930-887-4892,1
44,Karla Dewbury,kdewbury17@smugmug.com,792-246-1811,257-810-9114,1
45,Sherline Ingman,singman18@rambler.ru,581-694-0672,352-964-3417,1
46,Jayne Plett,jplett19@phpbb.com,646-343-6443,761-132-7530,1
47,Delly Veall,dveall1a@indiatimes.com,169-371-3051,743-742-4842,1
48,Davidson Pulford,dpulford1b@elpais.com,553-886-9112,740-608-6761,1
49,Gill Lenham,glenham1c@fc2.com,970-661-4924,949-507-4938,1
50,Yoko Dykes,ydykes1d@printfriendly.com,658-251-4098,606-203-5636,1
51,Bronnie Elham,belham1e@alibaba.com,604-982-9980,559-668-0774,1
52,Jefferson Wife,jwife1f@baidu.com,996-516-4869,150-733-4643,1
53,Kelley Garnett,kgarnett1g@kickstarter.com,902-127-0130,926-422-2979,1
54,Cooper Greenway,cgreenway1h@squarespace.com,557-153-2414,259-520-0848,1
55,Catlin Garroway,cgarroway1i@comsenz.com,248-930-7137,814-382-6849,1
56,Perle Barfield,pbarfield1j@google.ru,430-373-5792,800-588-7426,1
57,Philbert Bener,pbener1k@hao123.com,902-380-1224,651-711-6162,1
58,Roxana Blare,rblare1l@sun.com,319-457-6733,799-652-4125,1
59,Elisa Vanyard,evanyard1m@people.com.cn,720-664-6873,472-122-3559,1
60,Pierson China,pchina1n@nhs.uk,454-130-2145,986-282-1195,1
61,Janifer Skyrme,jskyrme1o@dedecms.com,384-473-1298,317-431-9835,1
62,Bevvy Dawney,bdawney1p@bandcamp.com,763-119-3314,182-774-1467,1
63,Bobina Osburn,bosburn1q@va.gov,768-224-6705,458-614-7930,1
64,Valentina Fenners,vfenners1r@nasa.gov,867-393-2834,972-689-5203,1
65,Serge Polly,spolly1s@go.com,820-948-9613,837-395-2930,1
66,Ruddy Taggett,rtaggett1t@fc2.com,641-963-7047,886-373-6920,1
67,Jemmy Lehrer,jlehrer1u@buzzfeed.com,908-767-4940,706-644-2281,1
68,Karil Sillett,ksillett1v@pbs.org,551-976-1933,584-429-8017,1
69,Gerrie Cordier,gcordier1w@xing.com,389-867-1648,293-341-4004,1
70,Launce Barry,lbarry1x@friendfeed.com,584-456-3864,121-626-7292,1
71,Bartlett Lightbowne,blightbowne1y@tripod.com,490-111-0911,553-478-1182,1
72,Nappy Gillespie,ngillespie1z@va.gov,932-797-8657,841-418-0249,1
73,Gaylor Twycross,gtwycross20@simplemachines.org,257-719-2926,665-489-2236,1
74,Jeth Tuddall,jtuddall21@chronoengine.com,168-527-6176,489-461-1519,1
75,Marlow Reboul,mreboul22@bluehost.com,340-289-5574,763-282-5498,1
76,Terrie Tremoille,ttremoille23@deviantart.com,238-294-8391,222-796-3921,1
77,Caresse Thorsen,cthorsen24@multiply.com,387-482-8825,499-568-8689,1
78,Jammal Elsbury,jelsbury25@360.cn,596-861-3185,815-441-9034,1
79,Ali Tuma,atuma26@washingtonpost.com,595-393-0973,564-133-1711,1
80,Ambrosi Gocher,agocher27@timesonline.co.uk,398-321-1561,737-486-7008,1
81,Nancie Kittoe,nkittoe28@businessinsider.com,452-532-4410,456-505-7451,1
82,Doralynn Shemmin,dshemmin29@dion.ne.jp,172-308-2224,484-171-5428,1
83,Alejandra Marfell,amarfell2a@reuters.com,459-554-6545,549-353-0039,1
84,Arlinda Caban,acaban2b@drupal.org,454-535-5743,562-301-9087,1
85,Aldridge Flatman,aflatman2c@constantcontact.com,738-588-1741,105-913-4306,1
86,Duffy Gallihawk,dgallihawk2d@acquirethisname.com,818-715-8615,548-310-1432,1
87,Jenn Penylton,jpenylton2e@tuttocitta.it,983-100-9197,115-950-5343,1
88,Tull Cutmare,tcutmare2f@tuttocitta.it,583-416-8513,534-528-8678,1
89,Seamus Townley,stownley2g@indiegogo.com,870-448-5093,234-149-5194,1
90,Richy Magauran,rmagauran2h@goodreads.com,336-986-7241,827-312-0068,1
91,Kitti Storton,kstorton2i@yolasite.com,741-200-2859,359-752-2344,1
92,Domenico Lazare,dlazare2j@imgur.com,832-856-6610,342-192-9274,1
93,Lenka Vearncomb,lvearncomb2k@vistaprint.com,799-993-9947,666-793-6889,1
94,Aeriela Bote,abote2l@drupal.org,143-494-7607,860-175-1678,1
95,Myriam Domonkos,mdomonkos2m@live.com,900-572-0027,101-363-5855,1
96,Fred Reckhouse,freckhouse2n@ow.ly,697-210-1170,174-239-0608,1
97,Cathee Avrahamov,cavrahamov2o@businessinsider.com,104-951-9005,573-516-9393,1
98,Bradley Fernely,bfernely2p@netscape.com,219-734-8214,636-516-7893,1
99,Roth Crolla,rcrolla2q@google.fr,653-259-1533,491-802-5662,1
100,Anderea Parren,aparren2r@wired.com,312-931-6585,190-876-5812,1
101,Faber Laurenzi,flaurenzi2s@china.com.cn,824-277-2515,989-677-1639,1
102,Shoshanna Calkin,scalkin2t@freewebs.com,560-129-1934,377-914-5714,1
103,Roland Coade,rcoade2u@seattletimes.com,758-142-4137,453-288-1345,1
104,Alina Keuneke,akeuneke2v@bluehost.com,241-364-0007,386-350-2528,1
105,Cyndia Markwelley,cmarkwelley2w@desdev.cn,520-838-4332,157-822-5605,1
106,Nevins Dowbakin,ndowbakin2x@drupal.org,661-739-9952,458-820-5587,1
107,Durward Malter,dmalter2y@squidoo.com,678-130-7320,296-450-8489,1
108,Correy Ashford,cashford2z@simplemachines.org,113-358-8849,633-503-2278,1
109,Nance Moubray,nmoubray30@tripod.com,436-310-6068,637-953-6196,1
110,Marc Andrys,mandrys31@sina.com.cn,318-145-8851,286-501-2403,1
111,Barbey Humm,bhumm32@hatena.ne.jp,243-274-8562,131-268-0700,1
112,Adaline Breming,abreming33@narod.ru,282-862-3482,335-736-9330,1
113,Cassi Sleightholme,csleightholme34@unblog.fr,646-648-6511,590-353-5527,1
114,Sher Padell,spadell35@adobe.com,853-343-3743,638-408-4451,1
115,Tobias Forty,tforty36@cloudflare.com,913-715-9993,971-863-2462,1
116,Erika Chagg,echagg37@exblog.jp,545-831-8184,501-567-2276,1
117,Lenard Dimmne,ldimmne38@washington.edu,515-316-8760,646-318-6277,1
118,Courtnay Gehricke,cgehricke39@japanpost.jp,207-566-5894,645-536-5824,1
119,Audrey Di Roberto,adi3a@cbsnews.com,304-760-7685,252-531-4123,1
120,Darda Lestor,dlestor3b@elegantthemes.com,560-776-9946,106-816-1491,1
121,Betteanne Youngman,byoungman3c@mlb.com,933-650-8338,932-448-1868,1
122,Josi Brasener,jbrasener3d@bigcartel.com,217-562-8458,744-291-8160,1
123,Averil Tunnoch,atunnoch3e@theguardian.com,577-786-9880,806-719-0479,1
124,Ermentrude Mobberley,emobberley3f@g.co,266-490-6056,540-185-4209,1
125,Ree Haycox,rhaycox3g@google.ru,552-368-4463,193-109-0260,1
126,Ingaborg Phette,iphette3h@weebly.com,956-594-2496,660-944-7003,1
127,Doria Wormstone,dwormstone3i@ca.gov,462-575-6678,959-620-8609,1
128,Jehanna Henricsson,jhenricsson3j@twitpic.com,866-512-8228,381-532-4195,1
129,Natala Scarman,nscarman3k@netvibes.com,168-685-4648,472-241-9479,1
130,Hardy Bohling,hbohling3l@1und1.de,629-544-4877,396-614-0317,1
131,Dirk Walles,dwalles3m@nsw.gov.au,391-988-9724,347-621-5889,1
132,Rosabel Cicculi,rcicculi3n@shutterfly.com,631-993-0981,901-730-1058,1
133,Layla Kinchin,lkinchin3o@hibu.com,938-775-9197,333-725-3412,1
134,Teressa Brettoner,tbrettoner3p@msu.edu,373-189-1371,326-664-6912,1
135,Cobbie Brigg,cbrigg3q@dyndns.org,219-456-4194,486-855-2624,1
136,Fae Follows,ffollows3r@umn.edu,764-693-4728,408-651-3022,1
137,Joellen Gabby,jgabby3s@independent.co.uk,318-684-9874,412-176-5067,1
138,Gray Boggis,gboggis3t@latimes.com,267-566-6969,770-678-7958,1
139,Prudy Blei,pblei3u@comcast.net,335-940-1092,234-342-8365,1
140,Bat McQuillen,bmcquillen3v@t-online.de,114-726-7326,631-704-7452,1
141,Ainslie Week,aweek3w@jiathis.com,536-828-3099,600-125-7360,1
142,Clarisse Candlish,ccandlish3x@weather.com,580-988-7112,189-580-6817,1
143,Quinlan Parkhouse,qparkhouse3y@house.gov,952-892-2975,305-399-1488,1
144,Fawne Giurio,fgiurio3z@home.pl,187-871-7141,351-832-4565,1
145,Hugues Lowerson,hlowerson40@buzzfeed.com,342-900-2076,355-138-3754,1
146,Paxton Yakobovitz,pyakobovitz41@devhub.com,492-813-8801,495-832-7977,1
147,Noellyn Keenleyside,nkeenleyside42@omniture.com,785-154-4087,694-671-5979,1
148,Carlin Ferrarese,cferrarese43@imdb.com,109-208-4948,575-590-8711,1
149,Carree Cattemull,ccattemull44@nasa.gov,830-925-8655,257-243-5951,1
150,Addie Manwaring,amanwaring45@cbc.ca,257-850-2020,842-173-0181,1
151,Jean Panner,jpanner46@xrea.com,440-172-7408,727-192-4706,1
152,Gram Kearford,gkearford47@sciencedaily.com,393-332-4335,783-530-2861,1
153,Rosa Elias,relias48@paypal.com,551-784-1436,565-919-1968,1
154,Anna-diane Facher,afacher49@indiegogo.com,159-263-7937,775-521-7581,1
155,Etheline Livoir,elivoir4a@ucoz.com,262-169-0159,491-254-7423,1
156,Ashley Jeppe,ajeppe4b@tinypic.com,767-686-5509,301-802-0442,1
157,Larisa Pinckney,lpinckney4c@hatena.ne.jp,331-407-2984,616-475-9950,1
158,Wilfred Marham,wmarham4d@youku.com,299-206-5455,974-303-1938,1
159,Adriano Lewendon,alewendon4e@prlog.org,704-303-0320,660-319-5893,1
160,Taddeo Surmeyers,tsurmeyers4f@netvibes.com,330-447-5807,587-201-5064,1
161,Clayborne Gheerhaert,cgheerhaert4g@mit.edu,704-359-0583,410-911-4986,1
162,Marthe Cranfield,mcranfield4h@columbia.edu,144-748-8863,735-613-0843,1
163,Ronda Randle,rrandle4i@symantec.com,302-873-4178,157-863-6444,1
164,Janos Rosendorf,jrosendorf4j@wiley.com,460-308-0054,862-843-7239,1
165,Mariana Pate,mpate4k@nsw.gov.au,868-751-4932,307-520-3853,1
166,Shaughn Lorenzetti,slorenzetti4l@nymag.com,426-815-3116,864-941-0935,1
167,Jana Finlow,jfinlow4m@latimes.com,602-587-7504,898-372-8891,1
168,Rabbi Beevors,rbeevors4n@answers.com,144-193-4689,218-494-2462,1
169,Horatius Coogan,hcoogan4o@phpbb.com,315-219-9290,296-494-3775,1
170,Marley Udale,mudale4p@vistaprint.com,615-124-2349,734-962-2563,1
171,Alfonse Greser,agreser4q@webmd.com,667-902-7586,653-762-6241,1
172,Gearard Glazer,gglazer4r@engadget.com,898-155-4337,745-463-0169,1
173,Kaila Burle,kburle4s@vkontakte.ru,380-675-2573,658-444-5791,1
174,Spike Scholefield,sscholefield4t@addthis.com,696-216-1643,238-703-1576,1
175,Zondra Dienes,zdienes4u@google.fr,874-337-6485,269-339-9410,1
176,Angeli Fossord,afossord4v@ow.ly,889-137-4227,982-179-6285,1
177,Alic Dewsnap,adewsnap4w@addtoany.com,535-887-7751,171-929-2003,1
178,Rodie Antoshin,rantoshin4x@businessweek.com,819-409-0824,261-526-8233,1
179,Stormy Brockhouse,sbrockhouse4y@dell.com,245-145-5472,316-378-1913,1
180,Boniface Duffy,bduffy4z@ask.com,594-803-0895,511-345-9709,1
181,Claribel Birkwood,cbirkwood50@ebay.co.uk,275-414-9250,404-609-7303,1
182,Dael Huddles,dhuddles51@disqus.com,616-663-2016,734-891-6205,1
183,Augustina Lorrie,alorrie52@nymag.com,662-895-1698,304-751-0438,1
184,Gilda Scardifield,gscardifield53@adobe.com,944-566-0664,815-710-6361,1
185,Abdul Simkiss,asimkiss54@europa.eu,338-766-2049,866-785-4038,1
186,Dale Marchbank,dmarchbank55@slashdot.org,450-340-3052,552-191-2146,1
187,Teri Dibb,tdibb56@msu.edu,849-194-3135,862-639-3943,1
188,Jesus Tunbridge,jtunbridge57@cbc.ca,512-646-2303,680-423-1575,1
189,Yulma Cuthill,ycuthill58@cdbaby.com,268-681-6564,509-932-4400,1
190,Konstantin Eckley,keckley59@privacy.gov.au,721-611-7447,949-761-8443,1
191,Niko Yurikov,nyurikov5a@aol.com,879-911-5187,388-880-1585,1
192,Donall Gourdon,dgourdon5b@shinystat.com,321-263-2109,258-903-8127,1
193,Consuela Portriss,cportriss5c@hc360.com,442-223-1057,229-610-8760,1
194,Pet Harnor,pharnor5d@dion.ne.jp,314-296-6843,203-246-0459,1
195,Ellie Alvarado,ealvarado5e@homestead.com,469-587-3737,934-948-0136,1
196,Torry Stannah,tstannah5f@istockphoto.com,252-556-0595,730-185-1437,1
197,Ardine Langelaan,alangelaan5g@woothemes.com,330-208-3736,499-682-5282,1
198,Edwina Andrieux,eandrieux5h@deviantart.com,994-709-6115,819-546-1953,1
199,Leighton Blemen,lblemen5i@ft.com,712-795-2992,953-204-4146,1
200,Garland De Malchar,gde5j@acquirethisname.com,588-733-2968,597-413-5583,1
201,Michaelina Cohrs,mcohrs5k@usatoday.com,653-652-0794,200-759-5882,1
202,Carrol Ongin,congin5l@smh.com.au,411-947-9034,946-890-4233,1
203,Anne McCrudden,amccrudden5m@paypal.com,795-917-9329,502-959-8210,1
204,Morris Garvan,mgarvan5n@deviantart.com,395-423-2833,760-281-1958,1
205,Brennan Ivanyushin,bivanyushin5o@blogtalkradio.com,524-913-4674,179-694-3542,1
206,Mirelle Martinetto,mmartinetto5p@businesswire.com,112-515-9730,513-132-0893,1
207,Pet Randleson,prandleson5q@ucsd.edu,901-734-2295,521-739-9577,1
208,Skippy Whyard,swhyard5r@surveymonkey.com,354-515-4846,433-310-5876,1
209,Udell Crutchley,ucrutchley5s@usda.gov,743-148-4820,229-956-1223,1
210,Ches Brunotti,cbrunotti5t@domainmarket.com,948-376-5231,821-455-0732,1
211,Kimberly Cozins,kcozins5u@weibo.com,142-883-6676,324-760-4125,1
212,Alexandre Romme,aromme5v@lulu.com,952-412-8467,286-873-8239,1
213,Gypsy Harbor,gharbor5w@upenn.edu,661-862-9530,592-150-7153,1
214,Jocelin Enochsson,jenochsson5x@google.co.uk,936-899-2559,568-431-4484,1
215,Viviyan Sichardt,vsichardt5y@blinklist.com,123-634-6610,805-559-9558,1
216,Susann Buttrum,sbuttrum5z@patch.com,382-916-1757,221-666-6832,1
217,Trip Aitken,taitken60@bravesites.com,765-481-8946,307-331-5694,1
218,Arleyne MacGraith,amacgraith61@amazon.com,425-570-8714,155-666-5691,1
219,Terese Theyer,ttheyer62@creativecommons.org,806-319-9223,771-276-9892,1
220,Abbe Claybourne,aclaybourne63@phoca.cz,256-428-2580,837-708-7122,1
221,Reinwald Jackson,rjackson64@vkontakte.ru,873-218-4374,712-558-8178,1
222,Bendix Cripps,bcripps65@squarespace.com,440-704-4974,862-664-2058,1
223,Guy Lawlee,glawlee66@xinhuanet.com,178-736-1569,536-137-4367,1
224,Cam Kell,ckell67@prweb.com,773-127-8053,100-418-6873,1
225,Clea Marcham,cmarcham68@home.pl,987-669-2369,294-225-5082,1
226,Elna Chattaway,echattaway69@vinaora.com,745-368-1519,610-123-3575,1
227,Evangelina Wainscot,ewainscot6a@seesaa.net,293-817-0008,948-295-4150,1
228,Francyne Holberry,fholberry6b@pcworld.com,548-321-4881,447-949-0179,1
229,Claude Roake,croake6c@facebook.com,728-910-7431,561-678-1692,1
230,Barnie Butte,bbutte6d@yale.edu,545-505-0522,306-372-9840,1
231,Paulie De Pero,pde6e@wikipedia.org,938-735-3036,620-766-0378,1
232,Casi Hastwall,chastwall6f@newyorker.com,840-233-8017,325-463-2403,1
233,Ana Clemmett,aclemmett6g@aboutads.info,603-765-0265,897-590-7843,1
234,Abram Bertelet,abertelet6h@eventbrite.com,775-795-2132,922-724-2924,1
235,Donal Chessum,dchessum6i@163.com,230-168-3421,468-199-1211,1
236,Bevin Debrett,bdebrett6j@163.com,633-376-2136,199-817-1036,1
237,Teddie Monteath,tmonteath6k@vk.com,171-798-6049,376-723-3656,1
238,Nicole Jouning,njouning6l@friendfeed.com,182-946-3643,431-575-6651,1
239,Karola Wyeth,kwyeth6m@hud.gov,350-656-2667,169-376-6572,1
240,Gannon Searchwell,gsearchwell6n@weibo.com,771-496-9120,335-576-5753,1
241,Rosabella MacRannell,rmacrannell6o@github.com,195-602-2374,113-151-2961,1
242,Zacherie Chilley,zchilley6p@photobucket.com,370-578-7203,876-960-5702,1
243,Lorens Sambles,lsambles6q@sogou.com,238-503-6813,192-156-0244,1
244,Isaiah Patton,ipatton6r@yale.edu,688-534-6176,796-106-6927,1
245,Tracey Myderscough,tmyderscough6s@imgur.com,134-345-4531,986-629-4694,1
246,Calvin Vagges,cvagges6t@i2i.jp,465-487-2697,394-437-5930,1
247,Carmine Raynham,craynham6u@godaddy.com,645-818-5540,808-199-4643,1
248,Nikolai Bernhardt,nbernhardt6v@symantec.com,330-134-0643,860-250-1789,1
249,Eartha Heyworth,eheyworth6w@naver.com,897-161-0771,748-310-5716,1
250,Grange Roumier,groumier6x@jugem.jp,408-656-9554,113-456-9983,1
251,Isidora Jozwik,ijozwik6y@npr.org,533-668-3700,933-561-3979,1
252,Binny Sultan,bsultan6z@ihg.com,813-640-6013,217-274-2206,1
253,Rozella Andriss,randriss70@printfriendly.com,513-192-4584,132-925-7711,1
254,Jocelin Brussell,jbrussell71@mit.edu,954-638-1884,311-228-6520,1
255,Bentlee Longdon,blongdon72@plala.or.jp,847-862-6742,549-920-2015,1
256,Lydie Darling,ldarling73@altervista.org,536-349-1665,863-572-7618,1
257,Sacha Reader,sreader74@goo.gl,936-234-5927,625-182-9567,1
258,Sashenka Goroni,sgoroni75@tinypic.com,489-906-3202,272-904-8694,1
259,Ciro O'Shesnan,coshesnan76@unc.edu,278-550-0810,699-949-9123,1
260,Sharla Lilleman,slilleman77@buzzfeed.com,236-964-3048,895-285-4124,1
261,Lara Over,lover78@purevolume.com,267-757-6546,700-795-6741,1
262,Felicle Orrocks,forrocks79@com.com,651-503-4632,749-199-8856,1
263,Frank Bantick,fbantick7a@mediafire.com,858-547-1588,545-401-2505,1
264,Eal Van Vuuren,evan7b@w3.org,112-379-4916,523-703-4054,1
265,Tybie Lugsdin,tlugsdin7c@sbwire.com,500-420-8307,691-666-5383,1
266,Joseph Torpie,jtorpie7d@webeden.co.uk,400-591-2853,396-625-1697,1
267,Letizia Miles,lmiles7e@howstuffworks.com,984-106-6572,858-283-3705,1
268,Elonore Loan,eloan7f@trellian.com,655-407-8705,475-436-6355,1
269,Alameda Branwhite,abranwhite7g@ox.ac.uk,654-604-9682,663-313-2052,1
270,Gilly Runchman,grunchman7h@com.com,786-921-6606,547-456-4698,1
271,Leyla Loxston,lloxston7i@bizjournals.com,397-404-7868,890-314-4496,1
272,Nerta Druce,ndruce7j@japanpost.jp,580-656-0100,838-454-6885,1
273,Kinna Burdin,kburdin7k@archive.org,841-423-5285,686-471-2369,1
274,Leanora Buzzing,lbuzzing7l@domainmarket.com,480-545-1519,369-314-6026,1
275,Latashia Roller,lroller7m@purevolume.com,484-440-0730,538-546-2460,1
276,Wallis Asprey,wasprey7n@cdc.gov,835-162-7760,265-858-5250,1
277,Diannne Shakeshaft,dshakeshaft7o@abc.net.au,468-602-5748,639-110-6202,1
278,Barby Blunden,bblunden7p@comcast.net,165-302-9596,197-212-8517,1
279,Nichole Siseland,nsiseland7q@intel.com,804-230-9929,620-798-5445,1
280,Eleni Stainson,estainson7r@nymag.com,200-866-8589,453-104-0228,1
281,Sloane Digance,sdigance7s@howstuffworks.com,233-854-0200,109-886-7577,1
282,Lucas Irce,lirce7t@telegraph.co.uk,308-184-5352,828-709-3944,1
283,Joachim Harwood,jharwood7u@vk.com,357-277-9530,302-866-9639,1
284,Greta Feldhorn,gfeldhorn7v@rambler.ru,613-996-0242,184-456-4548,1
285,Milton Ganforth,mganforth7w@last.fm,175-555-2817,841-338-5617,1
286,Ted Newiss,tnewiss7x@fotki.com,745-430-1427,199-279-7440,1
287,Catriona O'Donohue,codonohue7y@aboutads.info,241-417-1056,155-425-9250,1
288,Malinde Cammacke,mcammacke7z@twitpic.com,521-587-8523,613-538-9583,1
289,Clevey Yerrall,cyerrall80@state.tx.us,137-187-1074,867-689-5378,1
290,Morie Risley,mrisley81@nhs.uk,380-407-2497,170-683-8450,1
291,Krishna Joska,kjoska82@irs.gov,253-654-9935,690-102-9354,1
292,Nanni Domnin,ndomnin83@i2i.jp,492-164-6358,675-592-8329,1
293,Laurent Mayman,lmayman84@parallels.com,731-634-7346,216-533-2301,1
294,Julissa Aspey,jaspey85@goodreads.com,184-760-2889,731-572-5573,1
295,Christalle Tombleson,ctombleson86@amazon.de,952-432-3145,878-659-2794,1
296,Marleen McGilvray,mmcgilvray87@instagram.com,561-303-4532,806-747-1978,1
297,Geneva Mityakov,gmityakov88@phoca.cz,121-986-6765,865-525-9520,1
298,Marcella Poile,mpoile89@drupal.org,305-398-4940,351-488-1008,1
299,Silvain Saterthwait,ssaterthwait8a@symantec.com,748-495-9326,237-822-7932,1
300,Sada Erie,serie8b@e-recht24.de,526-301-4178,822-807-8474,1
301,Hillard Watman,hwatman8c@themeforest.net,676-561-5836,519-611-9166,1
302,Lola O'Mara,lomara8d@techcrunch.com,661-730-5552,124-719-0208,1
303,Fredek Ortsmann,fortsmann8e@cloudflare.com,102-252-1918,145-123-2155,1
304,Corabella Allot,callot8f@usgs.gov,423-259-5183,836-253-4018,1
305,Bellina Selburn,bselburn8g@cnn.com,167-320-9080,480-786-6664,1
306,Germana Yitzhok,gyitzhok8h@dedecms.com,367-440-0138,612-907-1144,1
307,Rosco Advani,radvani8i@ox.ac.uk,969-213-6711,890-162-2546,1
308,Osbourne Gladeche,ogladeche8j@shutterfly.com,846-711-9894,626-409-7661,1
309,Gray Bullingham,gbullingham8k@simplemachines.org,218-297-4987,687-584-4912,1
310,Jacquetta Fromont,jfromont8l@statcounter.com,632-765-2575,825-620-7070,1
311,Kalil McFeat,kmcfeat8m@studiopress.com,885-756-2049,241-880-6935,1
312,Aluino Kroll,akroll8n@booking.com,577-657-4675,897-280-9451,1
313,Mendel Rohlfs,mrohlfs8o@trellian.com,856-408-8908,874-183-6147,1
314,Tana Kempton,tkempton8p@cbsnews.com,501-366-2631,782-133-1345,1
315,Elvina Neumann,eneumann8q@shinystat.com,210-371-9064,922-602-2084,1
316,Portie Bysouth,pbysouth8r@nytimes.com,239-121-3152,324-917-1147,1
317,Terry Rodman,trodman8s@bbb.org,476-561-2206,530-651-6725,1
318,Farah Scotchford,fscotchford8t@mayoclinic.com,512-654-8606,136-521-4783,1
319,Omero Palfreman,opalfreman8u@cbc.ca,310-295-6640,347-124-6976,1
320,Wanda Melloi,wmelloi8v@yale.edu,785-893-6462,363-462-2061,1
321,Hoebart Adamik,hadamik8w@jimdo.com,171-623-8004,431-565-8060,1
322,Ariela Hornbuckle,ahornbuckle8x@telegraph.co.uk,817-652-3417,282-705-9497,1
323,Bessy Curnnok,bcurnnok8y@a8.net,958-545-1196,149-774-0627,1
324,Olag Joney,ojoney8z@opera.com,695-897-6414,430-725-6591,1
325,Kellie Petracek,kpetracek90@google.de,417-384-1388,212-178-4585,1
326,Gibbie Topper,gtopper91@domainmarket.com,241-626-8178,322-215-5433,1
327,Simonne Tieraney,stieraney92@berkeley.edu,691-769-4203,686-921-9515,1
328,Addi Cahalan,acahalan93@creativecommons.org,534-175-3585,748-279-7869,1
329,Shani Obern,sobern94@wordpress.org,530-601-9282,250-663-8281,1
330,Arlee Gawkroge,agawkroge95@nifty.com,562-201-6162,737-912-7589,1
331,Morgan Conradsen,mconradsen96@answers.com,353-626-7660,784-874-0565,1
332,Lura Calfe,lcalfe97@weather.com,218-178-3091,891-176-0888,1
333,Morena Addicott,maddicott98@narod.ru,811-991-8056,952-758-3857,1
334,Kariotta Ducastel,kducastel99@mtv.com,723-741-5309,877-709-7781,1
335,Bobbee Gerhold,bgerhold9a@1688.com,932-210-1705,449-444-6013,1
336,Joey MacCosto,jmaccosto9b@unicef.org,968-959-6829,786-123-4821,1
337,Estell Mehaffey,emehaffey9c@weebly.com,431-603-8471,809-974-2947,1
338,Jayme Ashforth,jashforth9d@gov.uk,728-635-9944,714-727-4725,1
339,Maury Redgewell,mredgewell9e@blogspot.com,318-407-0399,901-199-5188,1
340,Erin Pitcaithley,epitcaithley9f@elpais.com,172-596-7606,811-394-6625,1
341,Cyndia Omond,comond9g@google.com.hk,688-104-2189,763-562-9477,1
342,Ritchie Freshwater,rfreshwater9h@twitter.com,483-627-5063,478-828-9770,1
343,Wait Geyton,wgeyton9i@disqus.com,708-173-5727,383-546-4150,1
344,Vina Bentzen,vbentzen9j@biglobe.ne.jp,838-383-8785,748-765-0073,1
345,Henrik Bassilashvili,hbassilashvili9k@mediafire.com,266-256-4364,194-296-3049,1
346,Maryjo Nolte,mnolte9l@liveinternet.ru,907-110-6809,732-406-1566,1
347,Verney Askwith,vaskwith9m@house.gov,667-937-6492,717-484-1022,1
348,Rayna Mattea,rmattea9n@un.org,155-483-0637,509-888-9668,1
349,Leonora Hamblyn,lhamblyn9o@loc.gov,169-808-9686,670-998-5128,1
350,Robin Shrimptone,rshrimptone9p@fda.gov,188-283-2426,169-232-6932,1
351,Siward Polendine,spolendine9q@nymag.com,546-476-2368,667-199-2070,1
352,James Gildersleaves,jgildersleaves9r@webs.com,510-997-2585,976-954-3981,1
353,Louisette Cinelli,lcinelli9s@senate.gov,420-892-8581,354-837-2323,1
354,Lindie Sturdgess,lsturdgess9t@ucoz.com,599-878-6473,580-572-0628,1
355,Josefina Pritty,jpritty9u@epa.gov,275-738-3096,188-319-6976,1
356,Jenny Skirvane,jskirvane9v@nhs.uk,826-191-8705,101-809-2576,1
357,Andree Morrott,amorrott9w@goo.ne.jp,400-195-8148,950-797-5977,1
358,Genna Boughtwood,gboughtwood9x@usa.gov,414-297-7590,286-602-2805,1
359,Winni Grocock,wgrocock9y@home.pl,579-123-1738,110-499-3101,1
360,Ashia Lucas,alucas9z@hc360.com,434-346-6830,131-665-7763,1
361,Manfred MacRanald,mmacranalda0@japanpost.jp,285-740-6323,976-840-4573,1
362,Asher Freeberne,afreebernea1@netvibes.com,161-646-2387,517-465-4928,1
363,Alix Smeeth,asmeetha2@webeden.co.uk,934-175-5838,418-864-2672,1
364,Salomone Trubshawe,strubshawea3@microsoft.com,781-740-9592,982-888-0941,1
365,Kerrie Pallasch,kpallascha4@prnewswire.com,655-365-0411,193-499-5301,1
366,Marlene Canti,mcantia5@bizjournals.com,372-447-5386,665-561-9289,1
367,Manfred Parkyns,mparkynsa6@over-blog.com,669-145-1530,432-766-2816,1
368,Janette Coulson,jcoulsona7@disqus.com,599-515-2066,271-602-8562,1
369,Nessie Cockroft,ncockrofta8@feedburner.com,828-935-2617,215-446-1195,1
370,Chandra Livingstone,clivingstonea9@sfgate.com,541-854-6449,773-643-6050,1
371,Irita Shannon,ishannonaa@aboutads.info,582-593-6765,912-994-1418,1
372,Andres Clawe,aclaweab@behance.net,981-145-5481,899-512-4750,1
373,Alden Rule,aruleac@ameblo.jp,769-122-8110,755-574-8152,1
374,Yasmin Giorgiutti,ygiorgiuttiad@cocolog-nifty.com,356-767-1717,441-528-9851,1
375,Catherin Kuller,ckullerae@newsvine.com,584-958-4695,667-900-9491,1
376,Antin Thornley,athornleyaf@mlb.com,343-729-2579,427-933-7641,1
377,Odilia Wallice,owalliceag@engadget.com,249-833-9324,582-256-9186,1
378,Darya Halcro,dhalcroah@elpais.com,307-571-7487,246-970-5098,1
379,Ulises Bains,ubainsai@utexas.edu,298-576-2995,444-460-9369,1
380,Tomi Kauffman,tkauffmanaj@ucsd.edu,102-466-4531,408-671-9466,1
381,Yasmeen Espin,yespinak@slate.com,267-890-8518,554-687-3422,1
382,Xylia Armal,xarmalal@uol.com.br,520-725-8729,421-381-4159,1
383,Ki Henrique,khenriqueam@miibeian.gov.cn,293-280-6638,332-136-9561,1
384,Thomasina Ells,tellsan@redcross.org,898-988-9903,982-508-9537,1
385,Aleda Hufton,ahuftonao@illinois.edu,762-613-0487,908-213-9908,1
386,Matty Frankes,mfrankesap@unc.edu,336-505-9603,622-643-3990,1
387,Ashley Basden,abasdenaq@cafepress.com,162-695-7246,311-822-7730,1
388,Bamby Laming,blamingar@a8.net,200-256-5465,927-956-9993,1
389,Evelyn Getcliffe,egetcliffeas@dropbox.com,496-679-3249,435-993-5391,1
390,Nickey Chesswas,nchesswasat@liveinternet.ru,295-292-1912,527-342-5251,1
391,Bastian Chrichton,bchrichtonau@salon.com,271-300-2043,532-280-3071,1
392,Jermain Boumphrey,jboumphreyav@booking.com,429-186-7098,614-871-4745,1
393,Alyosha Greenlies,agreenliesaw@blinklist.com,591-307-3068,436-852-5060,1
394,Sigvard House,shouseax@upenn.edu,585-629-4658,883-593-9826,1
395,Jethro McKelvey,jmckelveyay@statcounter.com,664-509-6104,845-324-4685,1
396,Merrill Sturm,msturmaz@nytimes.com,357-697-2191,175-356-8007,1
397,Bearnard Casero,bcaserob0@businessinsider.com,182-677-5787,168-618-9453,1
398,Gusta Worsnup,gworsnupb1@wikia.com,915-238-4369,581-549-3447,1
399,Tansy Commings,tcommingsb2@army.mil,386-675-9735,931-666-5273,1
400,Agustin Issac,aissacb3@google.com.hk,231-393-9170,860-537-2489,1
