ID,FirstName,LastName,Relationship,UserID
1,Andriana,Sylvaine,real-time,1
2,Elton,Stocking,Mandatory,2
3,Jimmie,Paolinelli,discrete,3
4,Alaric,Dhennin,projection,4
5,Crysta,Folkes,matrix,5
6,Reg,Burnyate,Focused,6
7,Margalo,Kydde,Multi-lateral,7
8,Alyse,Southwood,systemic,8
9,Dilan,Trenchard,policy,9
10,Nico,Hoffner,encoding,10
11,Gabbey,Balasini,policy,11
12,Nobe,Philpot,asymmetric,12
13,Alyss,Hamflett,Business-focused,13
14,Carolynn,Giorgioni,uniform,14
15,Myer,Botham,uniform,15
16,Charmain,Stachini,Reactive,16
17,Donnie,Figgures,array,17
18,Iona,Coveley,heuristic,18
19,Saba,Anwell,budgetary management,19
20,Granthem,Carn,transitional,20
21,Biddy,McAlpin,collaboration,21
22,Randa,Jossum,tertiary,22
23,Tanner,Scoates,tangible,23
24,Crichton,Carillo,Universal,24
25,Baxie,Milesop,software,25
26,Tova,Rape,contextually-based,26
27,Darrelle,Grandison,cohesive,27
28,Tobye,Darker,application,28
29,Giuseppe,Dickinson,Down-sized,29
30,Robbin,Service,systemic,30
31,Marji,Guirardin,attitude-oriented,31
32,Wain,Jedrasik,motivating,32
33,Benjy,Ferebee,dynamic,33
34,Melicent,Jeafferson,website,34
35,Karole,Kemetz,homogeneous,35
36,Teodoor,Gorhardt,Down-sized,36
37,Anselma,Murley,Fundamental,37
38,Chelsae,Keveren,heuristic,38
39,Lulita,Gitting,orchestration,39
40,Merola,Prigg,Upgradable,40
41,Rafaellle,Florentine,intranet,41
42,Chrysler,Barthram,empowering,42
43,Danette,Ickovitz,artificial intelligence,43
44,Kala,Hovert,Persevering,44
45,Teddy,Wiltshier,portal,45
46,Zed,Dominey,Multi-lateral,46
47,Cyb,Knowles,Right-sized,47
48,Jessamine,Rickson,Fully-configurable,48
49,Alister,Grason,pricing structure,49
50,Gale,Whelan,composite,50
51,Arabele,Jentgens,Down-sized,51
52,Rabi,Masdon,tertiary,52
53,Lucian,Stansell,Operative,53
54,Silvia,Harrema,actuating,54
55,Engelbert,Danielis,open system,55
56,Michaella,Lawry,model,56
57,Lynn,Fielders,Front-line,57
58,Shayna,Colborn,demand-driven,58
59,Violette,Buye,Customizable,59
60,Lona,Linnard,solution-oriented,60
61,Jeannine,Bailes,optimal,61
62,Jessalin,Whight,well-modulated,62
63,Frankie,Cudbird,matrices,63
64,Dulcie,Brainsby,Diverse,64
65,Erminia,Croshaw,help-desk,65
66,Dre,Duesbury,bandwidth-monitored,66
67,Rosalia,Kenlin,24-Jul,67
68,Benetta,Wandrack,adapter,68
69,Marga,Harroway,non-volatile,69
70,Gretna,Heinl,Advanced,70
71,Brittany,Gribbell,internet solution,71
72,Mufinella,Gwyn,fault-tolerant,72
73,Zebulon,Jackalin,functionalities,73
74,Zita,Jewkes,user-facing,74
75,Asher,Bronot,Versatile,75
76,Shannen,MacAdam,coherent,76
77,Abigael,Ketley,flexibility,77
78,Garik,Baccas,Organic,78
79,Goldi,Filintsev,secondary,79
80,Celinka,Atwel,Open-source,80
81,Elspeth,Rodway,multi-tasking,81
82,Henderson,Popelay,composite,82
83,Velma,Panketh,User-friendly,83
84,Shana,Reimer,incremental,84
85,Lynnea,Cassley,Future-proofed,85
86,Ronda,Cowlam,Stand-alone,86
87,Berty,Rustidge,Re-engineered,87
88,Sidnee,Branscomb,object-oriented,88
89,Valma,Artingstall,real-time,89
90,Thurston,Bruhnke,Profit-focused,90
91,Josey,Darwin,Versatile,91
92,Elinore,Meredyth,flexibility,92
93,Corney,Cutriss,disintermediate,93
94,Pierre,Worgan,uniform,94
95,Cosette,Mitton,product,95
96,Glenna,Ogborn,info-mediaries,96
97,Rolando,Coaten,transitional,97
98,Valaree,Wincott,data-warehouse,98
99,Gustave,Yeowell,Reactive,99
100,Gill,Inglesent,Stand-alone,100
101,Demeter,Fibbit,benchmark,101
102,Frederico,Braemer,system engine,102
103,Enriqueta,Telling,homogeneous,103
104,Reagan,Phifer,executive,104
105,Eleen,Commucci,leading edge,105
106,Claudell,McGeneay,3rd generation,106
107,Raeann,O'Dempsey,client-driven,107
108,Thekla,Rosten,next generation,108
109,Tildi,Ferrucci,system-worthy,109
110,Rozele,Giorio,value-added,110
111,Phil,Cordet,Re-engineered,111
112,Wynn,Seak,flexibility,112
113,Gibby,Harsent,secured line,113
114,Meghan,Liffey,portal,114
115,Rubin,Found,background,115
116,Grantham,Gianelli,function,116
117,Juline,Bickersteth,Front-line,117
118,Lin,Rutland,function,118
119,Hillyer,Darey,Customizable,119
120,Wenda,Ygoe,hybrid,120
121,Dale,Saipy,background,121
122,Bar,Mandeville,service-desk,122
123,Deanna,Todeo,projection,123
124,Leola,Cowdrey,flexibility,124
125,Netti,Alwell,impactful,125
126,Jobyna,Russi,Centralized,126
127,Antonio,Patkin,model,127
128,Timofei,Pales,paradigm,128
129,Avrom,Riche,Monitored,129
130,Ossie,McCleary,web-enabled,130
131,Smith,Cathel,bandwidth-monitored,131
132,Addia,Doveston,Robust,132
133,Johna,O'Rafferty,superstructure,133
134,Hamilton,Beldom,matrices,134
135,Oralla,Ropars,Assimilated,135
136,Lauralee,Remmer,Persistent,136
137,Kev,Matzeitis,framework,137
138,Tyler,Plampeyn,clear-thinking,138
139,Washington,Leathard,architecture,139
140,Gil,O'Carrol,transitional,140
141,Frederik,Greatbach,neural-net,141
142,Ferdy,Tetlow,Graphical User Interface,142
143,Dell,Dickey,value-added,143
144,Juan,Aizlewood,coherent,144
145,Bronnie,Trighton,Optimized,145
146,Olwen,Franklen,Secured,146
147,Ronnie,Petrolli,emulation,147
148,Eziechiele,McCathy,core,148
149,Brenden,Goldney,fault-tolerant,149
150,Fielding,Castellucci,encoding,150
151,Brannon,Musslewhite,bandwidth-monitored,151
152,Clay,Angear,4th generation,152
153,Mariana,Woodison,value-added,153
154,Celestyn,Hilley,local,154
155,Chariot,Stinson,object-oriented,155
156,Tasha,Matuska,Right-sized,156
157,Darbee,Arundel,Configurable,157
158,Franciskus,Penkman,Innovative,158
159,Bord,Tabert,Re-contextualized,159
160,Gunner,MacLeese,Sharable,160
161,Kellia,Sawyer,service-desk,161
162,Berkie,Dilrew,migration,162
163,Caria,Clowton,Customer-focused,163
164,Chryste,Yaldren,static,164
165,Joyous,Hartopp,Upgradable,165
166,Garrick,Weiss,Organized,166
167,Lolly,Fitchell,Adaptive,167
168,Konstance,Swanson,disintermediate,168
169,Rennie,Imort,service-desk,169
170,Janet,O'Fergus,process improvement,170
171,Boothe,Elintune,upward-trending,171
172,Ermina,Deathridge,Assimilated,172
173,Madelle,Buckham,Up-sized,173
174,Edna,Oldham,forecast,174
175,Mariette,Paschek,monitoring,175
176,Berkly,Chevalier,Public-key,176
177,Lotte,Van den Oord,customer loyalty,177
178,Mortimer,Treharne,interface,178
179,Charmain,Jacob,Upgradable,179
180,Olivie,Cawston,Progressive,180
181,Murdock,Sims,optimizing,181
182,Dorree,Panting,mobile,182
183,Briana,Maghull,4th generation,183
184,Davy,Dewdney,Customer-focused,184
185,Kaitlin,Bowker,project,185
186,Kris,Doust,attitude,186
187,Aaron,Yell,challenge,187
188,Genvieve,Willmer,hub,188
189,Kaitlynn,Tran,Future-proofed,189
190,Ilyssa,Vaud,local area network,190
191,Cary,MacGauhy,instruction set,191
192,Iorgo,Tarry,demand-driven,192
193,Beverlee,Van Hesteren,User-friendly,193
194,Levi,Shory,Centralized,194
195,Ursula,Lukovic,hybrid,195
196,Deloria,Moncreif,Advanced,196
197,Prissie,Bartolomeo,Enhanced,197
198,Carmencita,Gallagher,internet solution,198
199,Leora,Dodell,internet solution,199
200,Vera,Muxworthy,Versatile,200
201,Ronica,Handsheart,budgetary management,201
202,Isidro,Finley,moratorium,202
203,Christin,Lowery,migration,203
204,Louisette,Dillamore,success,204
205,Ayn,Temperley,Business-focused,205
206,Harlen,Shorie,Reactive,206
207,Amerigo,Ciciotti,array,207
208,Coralyn,Waitland,success,208
209,Patience,Plumbridge,Balanced,209
210,Lauralee,Brundle,Devolved,210
211,Leonore,Holstein,matrices,211
212,Marguerite,Pycock,optimal,212
213,Palm,Rotter,hardware,213
214,Arturo,Revell,frame,214
215,Clarisse,Brittle,matrix,215
216,Arliene,Josephson,synergy,216
217,Tuck,Bloomfield,Function-based,217
218,Molli,Hepher,eco-centric,218
219,Ban,Wilne,eco-centric,219
220,Erich,Fallis,fault-tolerant,220
221,Shae,Allatt,Reduced,221
222,Duncan,Skeldinge,actuating,222
223,Sherlock,Zettler,ability,223
224,Kissie,McFade,needs-based,224
225,Fallon,Faunch,extranet,225
226,Katina,Bell,Cloned,226
227,Maryl,Bourges,capacity,227
228,Charla,Sibbson,frame,228
229,Brnaby,Glashby,tangible,229
230,Retha,O'Hickee,Extended,230
231,Beltran,Prinett,toolset,231
232,Kaine,Inkpin,Customizable,232
233,Myrta,Karby,Streamlined,233
234,Antone,Barrow,definition,234
235,Montague,Donkersley,Enterprise-wide,235
236,Birdie,Boulter,Balanced,236
237,Garrard,Scneider,Streamlined,237
238,Derick,Garrelts,3rd generation,238
239,Joscelin,Devine,extranet,239
240,Thomasin,Jennaway,Sharable,240
241,Caroline,MacAnespie,middleware,241
242,Yolanthe,Bortolotti,Reverse-engineered,242
243,Ruthie,Cathro,Profit-focused,243
244,Fremont,Spoward,Innovative,244
245,Andrea,Dobinson,intranet,245
246,Corey,Fortune,Right-sized,246
247,Krystalle,McEvon,homogeneous,247
248,Farlay,Malyon,knowledge base,248
249,Alejoa,Gildea,fresh-thinking,249
250,Janine,Surpliss,full-range,250
251,Alaric,Milbank,Balanced,251
252,Shelbi,Wincott,Intuitive,252
253,Arlette,Parres,intermediate,253
254,Adrianna,Paszek,Reduced,254
255,Rhea,Newband,demand-driven,255
256,Sol,Ringrose,value-added,256
257,Annalee,Thorburn,methodical,257
258,Emlynn,Isselee,Digitized,258
259,Maiga,Obin,instruction set,259
260,Hildagard,Gammett,dynamic,260
261,Barnett,Geary,Cloned,261
262,Jolynn,Gawke,application,262
263,Danita,Valente,next generation,263
264,Carmine,Beevis,actuating,264
265,Pauli,Biskup,array,265
266,Ahmad,Rucklidge,object-oriented,266
267,Dinnie,Fealty,groupware,267
268,Baxie,Corringham,firmware,268
269,Preston,Brattell,zero defect,269
270,Aridatha,Mainwaring,Versatile,270
271,Selena,Lugden,archive,271
272,Vyky,Higgoe,disintermediate,272
273,Kaitlynn,Lunnon,Optional,273
274,Marjie,McTrustey,regional,274
275,Winnifred,Chesshire,multi-state,275
276,Leshia,Merigon,bi-directional,276
277,Bartholomew,MacGilmartin,alliance,277
278,Iggie,Bavidge,user-facing,278
279,Bennie,Kenwyn,disintermediate,279
280,Rupert,Ritmeyer,impactful,280
281,Krisha,Pauli,flexibility,281
282,Charlena,Halsworth,Multi-lateral,282
283,Stacie,Stanfield,Visionary,283
284,Catharine,McGragh,attitude,284
285,Leyla,Kubecka,Extended,285
286,Euphemia,Manion,system engine,286
287,Gradey,Norvel,context-sensitive,287
288,Niko,Finby,knowledge user,288
289,Valaree,Barzen,Persistent,289
290,Megan,Blunkett,Business-focused,290
291,Fanechka,Butterley,orchestration,291
292,Jacklin,McGrorty,Face to face,292
293,Mair,Sansom,impactful,293
294,Pennie,Owbridge,Re-engineered,294
295,Drusilla,Gude,mission-critical,295
296,Leena,Cradock,model,296
297,Guendolen,Pratty,firmware,297
298,Willie,Loudon,Assimilated,298
299,Scotty,Cannings,synergy,299
300,Rowney,Strute,approach,300
301,Pall,Bossons,Innovative,301
302,Barnard,Torns,capability,302
303,Diann,Gounot,contextually-based,303
304,Linc,Camus,open system,304
305,Euphemia,Shadrack,systemic,305
306,Catharina,Ramirez,knowledge base,306
307,Sauncho,Pharoah,client-server,307
308,Sonny,Murrill,productivity,308
309,Constancia,Adamsky,Advanced,309
310,Marianne,Felipe,process improvement,310
311,Gilburt,Frammingham,instruction set,311
312,Ashia,Bernardet,Open-source,312
313,Daune,Liepins,migration,313
314,Moss,Skade,object-oriented,314
315,Valma,Braban,parallelism,315
316,Priscilla,Posner,client-driven,316
317,Dedra,Slyford,demand-driven,317
318,Kailey,Stansfield,Pre-emptive,318
319,Martie,Beltzner,utilisation,319
320,Jarret,Hundley,complexity,320
321,Suzi,Kingdom,forecast,321
322,Verina,Claybourn,transitional,322
323,Tailor,Espinel,Triple-buffered,323
324,Alfreda,McIlroy,empowering,324
325,Towny,Origan,mobile,325
326,Brit,Lindsay,contextually-based,326
327,Lennie,Edbrooke,Devolved,327
328,Zachery,Tomala,leading edge,328
329,Siana,Killingback,interface,329
330,Louis,Swatheridge,Future-proofed,330
331,Cybil,Biddiss,encoding,331
332,Marina,Dupoy,complexity,332
333,Braden,O' Mullane,Up-sized,333
334,Den,Farmar,asynchronous,334
335,Bil,Doddemeade,pricing structure,335
336,Leone,Allebone,encryption,336
337,Gabbie,Byllam,adapter,337
338,Kalli,Santacrole,Versatile,338
339,Goldy,Smeath,Balanced,339
340,Sukey,Dickerson,Diverse,340
341,Dalston,Duke,De-engineered,341
342,Corney,Sigward,5th generation,342
343,Brittne,O'Duggan,Intuitive,343
344,Blake,Ugoni,Open-architected,344
345,Laure,Ybarra,even-keeled,345
346,Mellisent,Northridge,standardization,346
347,Jerrylee,Arnell,fault-tolerant,347
348,Hayyim,Labdon,protocol,348
349,Alley,Bedwell,24-Jul,349
350,Ivory,Ebbs,exuding,350
351,Bearnard,Meller,process improvement,351
352,Cyndi,Liston,Devolved,352
353,Rosamond,Eccles,Cross-platform,353
354,Forester,Caffin,Triple-buffered,354
355,Eleonora,Claricoates,clear-thinking,355
356,Reid,Sinclaire,circuit,356
357,Fields,Fergyson,Decentralized,357
358,Timmy,Goschalk,array,358
359,Haleigh,Barents,extranet,359
360,Siana,Dipple,artificial intelligence,360
361,Michel,Surmeir,Persistent,361
362,Sherry,Keitley,Cloned,362
363,Tedmund,Coryndon,holistic,363
364,Consuela,Frantzeni,archive,364
365,Gaultiero,Pickthorn,leading edge,365
366,Anatollo,Grigorescu,database,366
367,Brand,Stiegers,Centralized,367
368,Daniel,Hoopper,24 hour,368
369,Sofie,Stuckow,reciprocal,369
370,Keefer,McUre,Quality-focused,370
371,Abigale,Shatliff,Fundamental,371
372,Bessie,Paulino,Seamless,372
373,Shalne,Titt,help-desk,373
374,Franklin,Hukins,Diverse,374
375,Eulalie,Chasmor,architecture,375
376,Reeba,Farherty,success,376
377,Georgi,Jessel,functionalities,377
378,Haywood,Larkby,functionalities,378
379,Jeromy,Tander,info-mediaries,379
380,Kellia,Stoneman,definition,380
381,Rodrique,Whatmough,dynamic,381
382,Terry,Spiller,asymmetric,382
383,Georgeta,Cudihy,Customer-focused,383
384,Arthur,Gannicott,website,384
385,Dolph,Bishopp,secondary,385
386,Raye,McCartan,Cross-platform,386
387,Marlene,Bisacre,initiative,387
388,Spenser,Goucher,circuit,388
389,Mariette,Chessum,secondary,389
390,Guglielma,Whymark,Implemented,390
391,Stormi,Gowland,zero defect,391
392,Roderick,Pencot,firmware,392
393,Maximilianus,Milam,time-frame,393
394,Johnette,Skews,solution,394
395,Wyatan,Schulz,cohesive,395
396,Adriana,Tilney,secondary,396
397,Perla,Tredwell,user-facing,397
398,Don,Fairbridge,Customizable,398
399,Robinet,Dinis,24-Jul,399
400,Genny,Frain,portal,400
401,Lem,Skates,user-facing,401
402,Camel,Gimeno,concept,402
403,Fancy,Doorly,workforce,403
404,Emilia,Dronsfield,Right-sized,404
405,Bat,Chin,incremental,405
406,Godfrey,Vaud,bi-directional,406
407,Orly,Funnell,24 hour,407
408,Eb,Lamartine,monitoring,408
409,Aloise,Brose,Seamless,409
410,Genna,Annesley,analyzer,410
411,Glori,Descroix,intangible,411
412,Lisha,Cescotti,Upgradable,412
413,Winnie,Blackborne,client-driven,413
414,Netti,Flook,budgetary management,414
415,Selle,Sedgman,uniform,415
416,Gunar,Ghilardini,customer loyalty,416
417,Alejandrina,Raiston,5th generation,417
418,Leanna,Rosenhaus,standardization,418
419,Ronnie,Medhurst,complexity,419
420,Timmie,Fullbrook,systematic,420
421,Boone,Tetsall,6th generation,421
422,Roselin,Merveille,3rd generation,422
423,Adelheid,Filby,challenge,423
424,Dania,Tudhope,encryption,424
425,Maddalena,Matasov,systematic,425
426,Dawn,Claiden,solution,426
427,Aline,Trayton,needs-based,427
428,Kris,Halbert,function,428
429,Lillian,Clift,empowering,429
430,Fernandina,Borrell,solution,430
431,Johann,Gullam,utilisation,431
432,Seline,Cameli,portal,432
433,Meredithe,Timeby,Programmable,433
434,Marget,Diss,open system,434
435,Dominique,Cromley,Optimized,435
436,Sianna,Scipsey,Visionary,436
437,Cicily,Lorden,24 hour,437
438,Hercules,Falconer,Decentralized,438
439,Daisy,Gear,Reactive,439
440,Janessa,Manger,architecture,440
441,Gerty,Arrigucci,core,441
442,Dennet,Lorie,heuristic,442
443,Neron,Beran,zero tolerance,443
444,Waylan,Swaby,adapter,444
445,Nessy,Melarkey,encoding,445
446,Jamey,Dalliwater,customer loyalty,446
447,Dimitri,Axelbee,content-based,447
448,Kissee,Berridge,architecture,448
449,Ruben,Calvert,customer loyalty,449
450,Jaimie,Lehenmann,extranet,450
451,Sally,Bartlosz,explicit,451
452,Bowie,Worsall,Devolved,452
453,Frederique,Hanster,intangible,453
454,Arluene,Sangwine,tertiary,454
455,Sascha,Salan,Virtual,455
456,Faythe,Ledster,knowledge user,456
457,Adelice,Doyley,portal,457
458,Lenna,Gerling,multi-state,458
459,Euphemia,Fifoot,collaboration,459
460,Stacee,Frostdyke,array,460
461,Zebadiah,Alexsandrovich,methodology,461
462,Meriel,Frier,dynamic,462
463,Mora,Nevinson,Managed,463
464,Norby,Rolfs,neutral,464
465,Harlan,Blackler,Optimized,465
466,Lyell,Baden,De-engineered,466
467,Quinlan,Towndrow,software,467
468,Gabriele,Gavrielli,access,468
469,Roxie,Goodyer,multimedia,469
470,Adamo,Clappison,grid-enabled,470
471,Onfre,Neilands,asynchronous,471
472,Jorgan,Van der Baaren,holistic,472
473,Kristen,Darkin,knowledge base,473
474,Brad,Joyce,tertiary,474
475,Linnie,Ciccotto,Re-contextualized,475
476,Antonina,Hannigan,fresh-thinking,476
477,Jarrod,Pregal,coherent,477
478,Merla,Bispham,Cloned,478
479,Lona,Raddish,Team-oriented,479
480,Zandra,Batcheldor,Persistent,480
481,Fabiano,Piggens,superstructure,481
482,Mitzi,Samuels,local area network,482
483,Carolynn,Lenton,neural-net,483
484,Cherye,Wastall,zero administration,484
485,Norry,Blaes,Distributed,485
486,Dollie,Fermor,functionalities,486
487,Monti,Shemmans,value-added,487
488,Coletta,Braley,multi-state,488
489,Lorrie,Sides,Fully-configurable,489
490,Porter,Boswood,background,490
491,Frazier,Gawith,Operative,491
492,Wesley,Barkley,structure,492
493,Gustie,Mishow,web-enabled,493
494,Constantine,Claxton,Synergistic,494
495,Kiley,Tarburn,actuating,495
496,Hildegaard,Outridge,Advanced,496
497,Felicity,Bushaway,encoding,497
498,Cyndia,Rablin,Focused,498
499,Zacharie,Crighton,installation,499
500,Huntlee,Whitcher,Re-contextualized,500
