FirstName,LastName,Relationship,UserID
Andriana,Sylvaine,real-time,1
Elton,Stocking,Mandatory,2
Jimmie,Paolinelli,discrete,3
Alaric,Dhennin,projection,4
Crysta,Folkes,matrix,5
Reg,Burnyate,Focused,6
Margalo,Kydde,Multi-lateral,7
Alyse,Southwood,systemic,8
Dilan,Trenchard,policy,9
Nico,Hoffner,encoding,10
Gabbey,Balasini,policy,11
Nobe,Philpot,asymmetric,12
Alyss,Hamflett,Business-focused,13
Carolynn,Giorgioni,uniform,14
Myer,Botham,uniform,15
Charmain,Stachini,Reactive,16
Donnie,Figgures,array,17
Iona,Coveley,heuristic,18
Saba,Anwell,budgetary management,19
Granthem,Carn,transitional,20
Biddy,McAlpin,collaboration,21
Randa,Jossum,tertiary,22
Tanner,Scoates,tangible,23
Crichton,Carillo,Universal,24
Baxie,Milesop,software,25
Tova,Rape,contextually-based,26
Darrelle,Grandison,cohesive,27
Tobye,Darker,application,28
Giuseppe,Dickinson,Down-sized,29
Robbin,Service,systemic,30
Marji,Guirardin,attitude-oriented,31
Wain,Jedrasik,motivating,32
Benjy,Ferebee,dynamic,33
Melicent,Jeafferson,website,34
Karole,Kemetz,homogeneous,35
Teodoor,Gorhardt,Down-sized,36
Anselma,Murley,Fundamental,37
Chelsae,Keveren,heuristic,38
Lulita,Gitting,orchestration,39
Merola,Prigg,Upgradable,40
Rafaellle,Florentine,intranet,41
Chrysler,Barthram,empowering,42
Danette,Ickovitz,artificial intelligence,43
Kala,Hovert,Persevering,44
Teddy,Wiltshier,portal,45
Zed,Dominey,Multi-lateral,46
Cyb,Knowles,Right-sized,47
Jessamine,Rickson,Fully-configurable,48
Alister,Grason,pricing structure,49
Gale,Whelan,composite,50
Arabele,Jentgens,Down-sized,51
Rabi,Masdon,tertiary,52
Lucian,Stansell,Operative,53
Silvia,Harrema,actuating,54
Engelbert,Danielis,open system,55
Michaella,Lawry,model,56
Lynn,Fielders,Front-line,57
Shayna,Colborn,demand-driven,58
Violette,Buye,Customizable,59
Lona,Linnard,solution-oriented,60
Jeannine,Bailes,optimal,61
Jessalin,Whight,well-modulated,62
Frankie,Cudbird,matrices,63
Dulcie,Brainsby,Diverse,64
Erminia,Croshaw,help-desk,65
Dre,Duesbury,bandwidth-monitored,66
Rosalia,Kenlin,24/7,67
Benetta,Wandrack,adapter,68
Marga,Harroway,non-volatile,69
Gretna,Heinl,Advanced,70
Brittany,Gribbell,internet solution,71
Mufinella,Gwyn,fault-tolerant,72
Zebulon,Jackalin,functionalities,73
Zita,Jewkes,user-facing,74
Asher,Bronot,Versatile,75
Shannen,MacAdam,coherent,76
Abigael,Ketley,flexibility,77
Garik,Baccas,Organic,78
Goldi,Filintsev,secondary,79
Celinka,Atwel,Open-source,80
Elspeth,Rodway,multi-tasking,81
Henderson,Popelay,composite,82
Velma,Panketh,User-friendly,83
Shana,Reimer,incremental,84
Lynnea,Cassley,Future-proofed,85
Ronda,Cowlam,Stand-alone,86
Berty,Rustidge,Re-engineered,87
Sidnee,Branscomb,object-oriented,88
Valma,Artingstall,real-time,89
Thurston,Bruhnke,Profit-focused,90
Josey,Darwin,Versatile,91
Elinore,Meredyth,flexibility,92
Corney,Cutriss,disintermediate,93
Pierre,Worgan,uniform,94
Cosette,Mitton,product,95
Glenna,Ogborn,info-mediaries,96
Rolando,Coaten,transitional,97
Valaree,Wincott,data-warehouse,98
Gustave,Yeowell,Reactive,99
Gill,Inglesent,Stand-alone,100
Demeter,Fibbit,benchmark,101
Frederico,Braemer,system engine,102
Enriqueta,Telling,homogeneous,103
Reagan,Phifer,executive,104
Eleen,Commucci,leading edge,105
Claudell,McGeneay,3rd generation,106
Raeann,O'Dempsey,client-driven,107
Thekla,Rosten,next generation,108
Tildi,Ferrucci,system-worthy,109
Rozele,Giorio,value-added,110
Phil,Cordet,Re-engineered,111
Wynn,Seak,flexibility,112
Gibby,Harsent,secured line,113
Meghan,Liffey,portal,114
Rubin,Found,background,115
Grantham,Gianelli,function,116
Juline,Bickersteth,Front-line,117
Lin,Rutland,function,118
Hillyer,Darey,Customizable,119
Wenda,Ygoe,hybrid,120
Dale,Saipy,background,121
Bar,Mandeville,service-desk,122
Deanna,Todeo,projection,123
Leola,Cowdrey,flexibility,124
Netti,Alwell,impactful,125
Jobyna,Russi,Centralized,126
Antonio,Patkin,model,127
Timofei,Pales,paradigm,128
Avrom,Riche,Monitored,129
Ossie,McCleary,web-enabled,130
Smith,Cathel,bandwidth-monitored,131
Addia,Doveston,Robust,132
Johna,O'Rafferty,superstructure,133
Hamilton,Beldom,matrices,134
Oralla,Ropars,Assimilated,135
Lauralee,Remmer,Persistent,136
Kev,Matzeitis,framework,137
Tyler,Plampeyn,clear-thinking,138
Washington,Leathard,architecture,139
Gil,O'Carrol,transitional,140
Frederik,Greatbach,neural-net,141
Ferdy,Tetlow,Graphical User Interface,142
Dell,Dickey,value-added,143
Juan,Aizlewood,coherent,144
Bronnie,Trighton,Optimized,145
Olwen,Franklen,Secured,146
Ronnie,Petrolli,emulation,147
Eziechiele,McCathy,core,148
Brenden,Goldney,fault-tolerant,149
Fielding,Castellucci,encoding,150
Brannon,Musslewhite,bandwidth-monitored,151
Clay,Angear,4th generation,152
Mariana,Woodison,value-added,153
Celestyn,Hilley,local,154
Chariot,Stinson,object-oriented,155
Tasha,Matuska,Right-sized,156
Darbee,Arundel,Configurable,157
Franciskus,Penkman,Innovative,158
Bord,Tabert,Re-contextualized,159
Gunner,MacLeese,Sharable,160
Kellia,Sawyer,service-desk,161
Berkie,Dilrew,migration,162
Caria,Clowton,Customer-focused,163
Chryste,Yaldren,static,164
Joyous,Hartopp,Upgradable,165
Garrick,Weiss,Organized,166
Lolly,Fitchell,Adaptive,167
Konstance,Swanson,disintermediate,168
Rennie,Imort,service-desk,169
Janet,O'Fergus,process improvement,170
Boothe,Elintune,upward-trending,171
Ermina,Deathridge,Assimilated,172
Madelle,Buckham,Up-sized,173
Edna,Oldham,forecast,174
Mariette,Paschek,monitoring,175
Berkly,Chevalier,Public-key,176
Lotte,Van den Oord,customer loyalty,177
Mortimer,Treharne,interface,178
Charmain,Jacob,Upgradable,179
Olivie,Cawston,Progressive,180
Murdock,Sims,optimizing,181
Dorree,Panting,mobile,182
Briana,Maghull,4th generation,183
Davy,Dewdney,Customer-focused,184
Kaitlin,Bowker,project,185
Kris,Doust,attitude,186
Aaron,Yell,challenge,187
Genvieve,Willmer,hub,188
Kaitlynn,Tran,Future-proofed,189
Ilyssa,Vaud,local area network,190
Cary,MacGauhy,instruction set,191
Iorgo,Tarry,demand-driven,192
Beverlee,Van Hesteren,User-friendly,193
Levi,Shory,Centralized,194
Ursula,Lukovic,hybrid,195
Deloria,Moncreif,Advanced,196
Prissie,Bartolomeo,Enhanced,197
Carmencita,Gallagher,internet solution,198
Leora,Dodell,internet solution,199
Vera,Muxworthy,Versatile,200
Ronica,Handsheart,budgetary management,201
Isidro,Finley,moratorium,202
Christin,Lowery,migration,203
Louisette,Dillamore,success,204
Ayn,Temperley,Business-focused,205
Harlen,Shorie,Reactive,206
Amerigo,Ciciotti,array,207
Coralyn,Waitland,success,208
Patience,Plumbridge,Balanced,209
Lauralee,Brundle,Devolved,210
Leonore,Holstein,matrices,211
Marguerite,Pycock,optimal,212
Palm,Rotter,hardware,213
Arturo,Revell,frame,214
Clarisse,Brittle,matrix,215
Arliene,Josephson,synergy,216
Tuck,Bloomfield,Function-based,217
Molli,Hepher,eco-centric,218
Ban,Wilne,eco-centric,219
Erich,Fallis,fault-tolerant,220
Shae,Allatt,Reduced,221
Duncan,Skeldinge,actuating,222
Sherlock,Zettler,ability,223
Kissie,McFade,needs-based,224
Fallon,Faunch,extranet,225
Katina,Bell,Cloned,226
Maryl,Bourges,capacity,227
Charla,Sibbson,frame,228
Brnaby,Glashby,tangible,229
Retha,O'Hickee,Extended,230
Beltran,Prinett,toolset,231
Kaine,Inkpin,Customizable,232
Myrta,Karby,Streamlined,233
Antone,Barrow,definition,234
Montague,Donkersley,Enterprise-wide,235
Birdie,Boulter,Balanced,236
Garrard,Scneider,Streamlined,237
Derick,Garrelts,3rd generation,238
Joscelin,Devine,extranet,239
Thomasin,Jennaway,Sharable,240
Caroline,MacAnespie,middleware,241
Yolanthe,Bortolotti,Reverse-engineered,242
Ruthie,Cathro,Profit-focused,243
Fremont,Spoward,Innovative,244
Andrea,Dobinson,intranet,245
Corey,Fortune,Right-sized,246
Krystalle,McEvon,homogeneous,247
Farlay,Malyon,knowledge base,248
Alejoa,Gildea,fresh-thinking,249
Janine,Surpliss,full-range,250
Alaric,Milbank,Balanced,251
Shelbi,Wincott,Intuitive,252
Arlette,Parres,intermediate,253
Adrianna,Paszek,Reduced,254
Rhea,Newband,demand-driven,255
Sol,Ringrose,value-added,256
Annalee,Thorburn,methodical,257
Emlynn,Isselee,Digitized,258
Maiga,Obin,instruction set,259
Hildagard,Gammett,dynamic,260
Barnett,Geary,Cloned,261
Jolynn,Gawke,application,262
Danita,Valente,next generation,263
Carmine,Beevis,actuating,264
Pauli,Biskup,array,265
Ahmad,Rucklidge,object-oriented,266
Dinnie,Fealty,groupware,267
Baxie,Corringham,firmware,268
Preston,Brattell,zero defect,269
Aridatha,Mainwaring,Versatile,270
Selena,Lugden,archive,271
Vyky,Higgoe,disintermediate,272
Kaitlynn,Lunnon,Optional,273
Marjie,McTrustey,regional,274
Winnifred,Chesshire,multi-state,275
Leshia,Merigon,bi-directional,276
Bartholomew,MacGilmartin,alliance,277
Iggie,Bavidge,user-facing,278
Bennie,Kenwyn,disintermediate,279
Rupert,Ritmeyer,impactful,280
Krisha,Pauli,flexibility,281
Charlena,Halsworth,Multi-lateral,282
Stacie,Stanfield,Visionary,283
Catharine,McGragh,attitude,284
Leyla,Kubecka,Extended,285
Euphemia,Manion,system engine,286
Gradey,Norvel,context-sensitive,287
Niko,Finby,knowledge user,288
Valaree,Barzen,Persistent,289
Megan,Blunkett,Business-focused,290
Fanechka,Butterley,orchestration,291
Jacklin,McGrorty,Face to face,292
Mair,Sansom,impactful,293
Pennie,Owbridge,Re-engineered,294
Drusilla,Gude,mission-critical,295
Leena,Cradock,model,296
Guendolen,Pratty,firmware,297
Willie,Loudon,Assimilated,298
Scotty,Cannings,synergy,299
Rowney,Strute,approach,300
Pall,Bossons,Innovative,301
Barnard,Torns,capability,302
Diann,Gounot,contextually-based,303
Linc,Camus,open system,304
Euphemia,Shadrack,systemic,305
Catharina,Ramirez,knowledge base,306
Sauncho,Pharoah,client-server,307
Sonny,Murrill,productivity,308
Constancia,Adamsky,Advanced,309
Marianne,Felipe,process improvement,310
Gilburt,Frammingham,instruction set,311
Ashia,Bernardet,Open-source,312
Daune,Liepins,migration,313
Moss,Skade,object-oriented,314
Valma,Braban,parallelism,315
Priscilla,Posner,client-driven,316
Dedra,Slyford,demand-driven,317
Kailey,Stansfield,Pre-emptive,318
Martie,Beltzner,utilisation,319
Jarret,Hundley,complexity,320
Suzi,Kingdom,forecast,321
Verina,Claybourn,transitional,322
Tailor,Espinel,Triple-buffered,323
Alfreda,McIlroy,empowering,324
Towny,Origan,mobile,325
Brit,Lindsay,contextually-based,326
Lennie,Edbrooke,Devolved,327
Zachery,Tomala,leading edge,328
Siana,Killingback,interface,329
Louis,Swatheridge,Future-proofed,330
Cybil,Biddiss,encoding,331
Marina,Dupoy,complexity,332
Braden,O' Mullane,Up-sized,333
Den,Farmar,asynchronous,334
Bil,Doddemeade,pricing structure,335
Leone,Allebone,encryption,336
Gabbie,Byllam,adapter,337
Kalli,Santacrole,Versatile,338
Goldy,Smeath,Balanced,339
Sukey,Dickerson,Diverse,340
Dalston,Duke,De-engineered,341
Corney,Sigward,5th generation,342
Brittne,O'Duggan,Intuitive,343
Blake,Ugoni,Open-architected,344
Laure,Ybarra,even-keeled,345
Mellisent,Northridge,standardization,346
Jerrylee,Arnell,fault-tolerant,347
Hayyim,Labdon,protocol,348
Alley,Bedwell,24/7,349
Ivory,Ebbs,exuding,350
Bearnard,Meller,process improvement,351
Cyndi,Liston,Devolved,352
Rosamond,Eccles,Cross-platform,353
Forester,Caffin,Triple-buffered,354
Eleonora,Claricoates,clear-thinking,355
Reid,Sinclaire,circuit,356
Fields,Fergyson,Decentralized,357
Timmy,Goschalk,array,358
Haleigh,Barents,extranet,359
Siana,Dipple,artificial intelligence,360
Michel,Surmeir,Persistent,361
Sherry,Keitley,Cloned,362
Tedmund,Coryndon,holistic,363
Consuela,Frantzeni,archive,364
Gaultiero,Pickthorn,leading edge,365
Anatollo,Grigorescu,database,366
Brand,Stiegers,Centralized,367
Daniel,Hoopper,24 hour,368
Sofie,Stuckow,reciprocal,369
Keefer,McUre,Quality-focused,370
Abigale,Shatliff,Fundamental,371
Bessie,Paulino,Seamless,372
Shalne,Titt,help-desk,373
Franklin,Hukins,Diverse,374
Eulalie,Chasmor,architecture,375
Reeba,Farherty,success,376
Georgi,Jessel,functionalities,377
Haywood,Larkby,functionalities,378
Jeromy,Tander,info-mediaries,379
Kellia,Stoneman,definition,380
Rodrique,Whatmough,dynamic,381
Terry,Spiller,asymmetric,382
Georgeta,Cudihy,Customer-focused,383
Arthur,Gannicott,website,384
Dolph,Bishopp,secondary,385
Raye,McCartan,Cross-platform,386
Marlene,Bisacre,initiative,387
Spenser,Goucher,circuit,388
Mariette,Chessum,secondary,389
Guglielma,Whymark,Implemented,390
Stormi,Gowland,zero defect,391
Roderick,Pencot,firmware,392
Maximilianus,Milam,time-frame,393
Johnette,Skews,solution,394
Wyatan,Schulz,cohesive,395
Adriana,Tilney,secondary,396
Perla,Tredwell,user-facing,397
Don,Fairbridge,Customizable,398
Robinet,Dinis,24/7,399
Genny,Frain,portal,400
Lem,Skates,user-facing,401
Camel,Gimeno,concept,402
Fancy,Doorly,workforce,403
Emilia,Dronsfield,Right-sized,404
Bat,Chin,incremental,405
Godfrey,Vaud,bi-directional,406
Orly,Funnell,24 hour,407
Eb,Lamartine,monitoring,408
Aloise,Brose,Seamless,409
Genna,Annesley,analyzer,410
Glori,Descroix,intangible,411
Lisha,Cescotti,Upgradable,412
Winnie,Blackborne,client-driven,413
Netti,Flook,budgetary management,414
Selle,Sedgman,uniform,415
Gunar,Ghilardini,customer loyalty,416
Alejandrina,Raiston,5th generation,417
Leanna,Rosenhaus,standardization,418
Ronnie,Medhurst,complexity,419
Timmie,Fullbrook,systematic,420
Boone,Tetsall,6th generation,421
Roselin,Merveille,3rd generation,422
Adelheid,Filby,challenge,423
Dania,Tudhope,encryption,424
Maddalena,Matasov,systematic,425
Dawn,Claiden,solution,426
Aline,Trayton,needs-based,427
Kris,Halbert,function,428
Lillian,Clift,empowering,429
Fernandina,Borrell,solution,430
Johann,Gullam,utilisation,431
Seline,Cameli,portal,432
Meredithe,Timeby,Programmable,433
Marget,Diss,open system,434
Dominique,Cromley,Optimized,435
Sianna,Scipsey,Visionary,436
Cicily,Lorden,24 hour,437
Hercules,Falconer,Decentralized,438
Daisy,Gear,Reactive,439
Janessa,Manger,architecture,440
Gerty,Arrigucci,core,441
Dennet,Lorie,heuristic,442
Neron,Beran,zero tolerance,443
Waylan,Swaby,adapter,444
Nessy,Melarkey,encoding,445
Jamey,Dalliwater,customer loyalty,446
Dimitri,Axelbee,content-based,447
Kissee,Berridge,architecture,448
Ruben,Calvert,customer loyalty,449
Jaimie,Lehenmann,extranet,450
Sally,Bartlosz,explicit,451
Bowie,Worsall,Devolved,452
Frederique,Hanster,intangible,453
Arluene,Sangwine,tertiary,454
Sascha,Salan,Virtual,455
Faythe,Ledster,knowledge user,456
Adelice,Doyley,portal,457
Lenna,Gerling,multi-state,458
Euphemia,Fifoot,collaboration,459
Stacee,Frostdyke,array,460
Zebadiah,Alexsandrovich,methodology,461
Meriel,Frier,dynamic,462
Mora,Nevinson,Managed,463
Norby,Rolfs,neutral,464
Harlan,Blackler,Optimized,465
Lyell,Baden,De-engineered,466
Quinlan,Towndrow,software,467
Gabriele,Gavrielli,access,468
Roxie,Goodyer,multimedia,469
Adamo,Clappison,grid-enabled,470
Onfre,Neilands,asynchronous,471
Jorgan,Van der Baaren,holistic,472
Kristen,Darkin,knowledge base,473
Brad,Joyce,tertiary,474
Linnie,Ciccotto,Re-contextualized,475
Antonina,Hannigan,fresh-thinking,476
Jarrod,Pregal,coherent,477
Merla,Bispham,Cloned,478
Lona,Raddish,Team-oriented,479
Zandra,Batcheldor,Persistent,480
Fabiano,Piggens,superstructure,481
Mitzi,Samuels,local area network,482
Carolynn,Lenton,neural-net,483
Cherye,Wastall,zero administration,484
Norry,Blaes,Distributed,485
Dollie,Fermor,functionalities,486
Monti,Shemmans,value-added,487
Coletta,Braley,multi-state,488
Lorrie,Sides,Fully-configurable,489
Porter,Boswood,background,490
Frazier,Gawith,Operative,491
Wesley,Barkley,structure,492
Gustie,Mishow,web-enabled,493
Constantine,Claxton,Synergistic,494
Kiley,Tarburn,actuating,495
Hildegaard,Outridge,Advanced,496
Felicity,Bushaway,encoding,497
Cyndia,Rablin,Focused,498
Zacharie,Crighton,installation,499
Huntlee,Whitcher,Re-contextualized,500
