UserID,IsNextOfKin,IsPrimary,Mobile,Landline,Email
1,True,True,270-556-3875,606-252-7636,cblockley0@apple.com
2,True,True,243-444-1527,625-536-6947,gcossar1@live.com
3,True,True,635-216-9094,900-679-4100,llynagh2@narod.ru
4,True,True,159-159-8549,881-578-3767,fboylin3@theguardian.com
5,True,True,610-379-3042,716-273-2966,charrema4@sphinn.com
6,True,True,533-673-7525,868-212-2962,cgibbons5@imgur.com
7,True,True,168-583-4581,417-604-8117,msent6@utexas.edu
8,True,True,228-333-9890,560-865-2429,bwestby7@wsj.com
9,True,True,743-944-6565,633-737-1924,kmendes8@mayoclinic.com
10,True,True,628-211-6751,300-818-8114,dheggie9@cbsnews.com
11,True,True,330-235-1025,470-766-2004,dsparkwella@virginia.edu
12,True,True,963-405-4708,618-524-5200,braistonb@intel.com
13,True,True,188-851-6892,238-479-4666,mnaglec@comsenz.com
14,True,True,180-921-3859,224-399-9195,amallowsd@lycos.com
15,True,True,971-394-0714,674-498-0994,crowbottome@infoseek.co.jp
16,True,True,530-963-5341,150-819-4138,cclarkewilliamsf@sbwire.com
17,True,True,237-955-9707,868-166-0108,fphizackerlyg@hugedomains.com
18,True,True,527-630-3032,666-466-8178,cgilliatth@cmu.edu
19,True,True,462-640-5119,390-968-1708,hripperi@upenn.edu
20,True,True,675-529-4792,373-951-4411,mvalderj@ehow.com
21,True,True,776-477-7146,227-780-2261,dslamakerk@facebook.com
22,True,True,755-817-6266,792-582-9819,odugdalel@cpanel.net
23,True,True,450-153-6917,809-991-0432,vbrainm@phoca.cz
24,True,True,961-906-6316,109-125-7613,bfrigotn@archive.org
25,True,True,504-827-9163,767-236-6812,jshallowo@altervista.org
26,True,True,186-399-8090,477-830-6572,keltonp@vimeo.com
27,True,True,558-179-0678,761-597-6891,tpovahq@ehow.com
28,True,True,166-571-6100,102-688-2639,kbuggyr@mozilla.com
29,True,True,860-834-5502,112-136-4667,twildmans@home.pl
30,True,True,822-623-8301,473-402-7332,nbriskeyt@sbwire.com
31,True,True,171-463-7914,461-736-9113,kpibsworthu@state.gov
32,True,True,833-665-5558,806-555-5100,cprinettv@yellowpages.com
33,True,True,817-347-9445,789-833-8515,lsilvestonw@devhub.com
34,True,True,609-375-2753,206-226-1427,edewdneyx@ed.gov
35,True,True,484-120-8650,239-718-8905,tledwitchy@goo.ne.jp
36,True,True,300-668-0748,158-527-8818,gleemanz@twitpic.com
37,True,True,829-654-4269,562-136-6298,cmcerlaine10@tuttocitta.it
38,True,True,296-289-8496,272-470-3446,nsleeford11@guardian.co.uk
39,True,True,615-160-0558,547-653-7875,adorwood12@blogtalkradio.com
40,True,True,290-488-6707,499-367-3627,ttremathick13@woothemes.com
41,True,True,464-761-5011,857-215-5996,ncanellas14@upenn.edu
42,True,True,433-132-0314,836-447-2790,caldersey15@amazon.co.uk
43,True,True,903-895-0221,492-429-2376,otoland16@comsenz.com
44,True,True,591-819-8187,540-777-7160,lmacclinton17@mapquest.com
45,True,True,580-967-7470,839-632-4509,hludovici18@seattletimes.com
46,True,True,957-181-4287,680-142-0618,wwestall19@irs.gov
47,True,True,344-524-0940,845-564-5793,abrawn1a@gizmodo.com
48,True,True,396-414-3125,719-774-5664,lkynforth1b@un.org
49,True,True,520-677-6359,531-126-3849,uhadwick1c@economist.com
50,True,True,121-165-4177,925-222-1030,njanuszewski1d@bing.com
51,True,True,655-835-1997,497-352-3019,lbeddingham1e@mac.com
52,True,True,254-299-2818,931-548-7715,ttarte1f@linkedin.com
53,True,True,454-878-4317,260-345-4165,ccrop1g@typepad.com
54,True,True,953-494-7007,799-645-2553,bofogarty1h@cdc.gov
55,True,True,475-342-0776,117-342-5791,ehansell1i@cnn.com
56,True,True,341-316-3253,844-779-4602,sshelford1j@yellowbook.com
57,True,True,506-500-9038,357-996-3119,kmutlow1k@mapquest.com
58,True,True,435-956-2344,781-397-4725,cdehooch1l@wired.com
59,True,True,608-973-7073,416-675-4652,eportal1m@dailymotion.com
60,True,True,738-617-7267,393-264-3530,hambrosini1n@people.com.cn
61,True,True,135-685-8192,781-482-3444,mcraghead1o@reuters.com
62,True,True,826-974-7813,194-306-0003,ccumine1p@reverbnation.com
63,True,True,501-629-7848,946-435-2683,lgeertje1q@wordpress.com
64,True,True,552-331-1195,181-168-3224,bkitching1r@free.fr
65,True,True,202-388-4956,405-207-0350,naleksandrov1s@spiegel.de
66,True,True,770-748-9269,463-331-8681,gfarlambe1t@abc.net.au
67,True,True,220-306-7257,819-274-3262,stroucher1u@mayoclinic.com
68,True,True,741-205-8736,977-778-4119,dkretchmer1v@free.fr
69,True,True,560-223-8971,131-465-4364,cdeniskevich1w@auda.org.au
70,True,True,147-996-7995,557-878-3068,rfalconar1x@google.ru
71,True,True,432-577-9473,778-185-1588,arau1y@oakley.com
72,True,True,578-146-4754,467-999-0835,djanisson1z@apple.com
73,True,True,703-613-5935,619-877-7333,cadamkiewicz20@cdc.gov
74,True,True,361-928-0421,780-226-0018,gauchterlony21@tuttocitta.it
75,True,True,317-627-3093,259-561-6876,smcgreay22@huffingtonpost.com
76,True,True,285-409-7825,395-448-5918,mloud23@surveymonkey.com
77,True,True,358-598-8623,258-491-5273,cwaterhouse24@unicef.org
78,True,True,786-615-7716,331-368-4538,shobbema25@bandcamp.com
79,True,True,835-830-6082,455-298-5412,pbendan26@typepad.com
80,True,True,246-996-0477,316-812-0074,jriddiford27@pcworld.com
81,True,True,733-626-8195,128-650-4799,aianson28@toplist.cz
82,True,True,775-741-6753,870-399-5025,gdrewitt29@mysql.com
83,True,True,141-968-0829,267-332-1654,esudddard2a@geocities.jp
84,True,True,298-372-9842,755-764-9701,handre2b@stanford.edu
85,True,True,977-100-0876,615-684-0474,tcanwell2c@twitpic.com
86,True,True,716-676-9713,688-325-8176,ccopplestone2d@wufoo.com
87,True,True,114-500-8368,668-440-7671,jsautter2e@meetup.com
88,True,True,754-847-8066,553-241-6035,gbedburrow2f@walmart.com
89,True,True,820-203-0712,968-534-9398,ftenny2g@networksolutions.com
90,True,True,245-399-3292,808-664-1270,nfrentz2h@woothemes.com
91,True,True,754-183-9315,704-815-7720,zvern2i@addthis.com
92,True,True,850-110-8326,443-323-6786,rgerritzen2j@cmu.edu
93,True,True,502-290-0588,795-311-9370,ngilliland2k@gizmodo.com
94,True,True,117-666-6941,275-286-9014,fporrett2l@senate.gov
95,True,True,717-779-6204,331-382-6783,rrobjant2m@prweb.com
96,True,True,706-454-3057,830-557-1747,rrubinovitch2n@slashdot.org
97,True,True,551-580-8648,551-102-5251,nrodge2o@cbslocal.com
98,True,True,457-669-7855,649-357-3187,dlargen2p@abc.net.au
99,True,True,621-547-8506,956-156-1422,apover2q@businesswire.com
100,True,True,546-382-8633,203-902-4892,mlapadula2r@bluehost.com
101,True,True,360-978-9481,865-962-1603,cjustice2s@jugem.jp
102,True,True,996-328-9872,513-232-5289,vtrowill2t@examiner.com
103,True,True,145-743-3570,109-868-9362,bbulward2u@deviantart.com
104,True,True,609-305-4412,358-515-5205,lmordie2v@intel.com
105,True,True,753-774-1060,800-197-6466,crablan2w@imageshack.us
106,True,True,187-552-0006,545-858-0491,pblest2x@zdnet.com
107,True,True,896-843-1765,950-447-4165,rchewter2y@desdev.cn
108,True,True,794-237-7155,349-113-8281,abroad2z@cnn.com
109,True,True,739-412-2906,131-120-1981,jbygreaves30@blogtalkradio.com
110,True,True,239-752-9536,902-136-3466,skumar31@imageshack.us
111,True,True,484-516-8920,497-126-2824,kscutchin32@4shared.com
112,True,True,987-968-6897,870-918-1135,chrishanok33@addthis.com
113,True,True,106-684-0998,707-342-2518,jsoggee34@joomla.org
114,True,True,826-992-3292,861-891-0483,sbydaway35@163.com
115,True,True,756-476-6146,395-328-8799,amcreath36@google.ru
116,True,True,855-443-9093,128-166-7051,gmontrose37@gravatar.com
117,True,True,410-972-6625,281-502-5903,scaves38@edublogs.org
118,True,True,599-535-7850,864-868-2085,fbrewis39@squarespace.com
119,True,True,675-610-2030,751-716-8442,pmarcone3a@webeden.co.uk
120,True,True,975-436-1696,210-276-9064,lmacfadzean3b@state.gov
121,True,True,805-522-5328,543-497-3151,pseignior3c@biblegateway.com
122,True,True,496-548-3457,965-766-9257,acarding3d@csmonitor.com
123,True,True,896-559-8526,624-280-5951,ggilmour3e@cafepress.com
124,True,True,995-718-0743,214-249-0474,kalliband3f@cocolog-nifty.com
125,True,True,451-989-1666,992-362-8828,igerrens3g@artisteer.com
126,True,True,563-457-2723,763-958-3979,gganning3h@hubpages.com
127,True,True,779-494-4419,828-318-3179,srottger3i@sphinn.com
128,True,True,397-942-3108,616-512-5834,lenders3j@oakley.com
129,True,True,531-435-0325,190-836-1239,vknowlys3k@discuz.net
130,True,True,578-848-3643,927-157-6583,kmcharry3l@unc.edu
131,True,True,370-179-2833,564-508-6905,jattack3m@elpais.com
132,True,True,847-476-3917,388-529-2396,mpancoust3n@wired.com
133,True,True,408-607-1661,986-274-7761,kverissimo3o@businessweek.com
134,True,True,835-952-1304,726-722-2325,ltilburn3p@usda.gov
135,True,True,310-171-3837,945-483-1902,kcowen3q@youtube.com
136,True,True,118-129-3641,372-524-4761,mpanswick3r@si.edu
137,True,True,769-660-3027,938-196-6992,clindfors3s@delicious.com
138,True,True,196-456-8724,379-462-3334,tkopta3t@nhs.uk
139,True,True,614-880-8646,480-477-2506,lweiner3u@mapquest.com
140,True,True,279-957-6302,386-811-7797,jrosone3v@naver.com
141,True,True,135-282-4792,788-777-5014,mhebbron3w@princeton.edu
142,True,True,823-918-5531,644-248-8758,areilinger3x@w3.org
143,True,True,337-824-2265,170-497-3578,mcockerham3y@businessinsider.com
144,True,True,368-111-4128,707-517-3271,plammenga3z@hugedomains.com
145,True,True,376-137-0841,106-596-8090,hjewiss40@vinaora.com
146,True,True,819-550-1411,646-286-6052,gpersey41@shareasale.com
147,True,True,954-127-9518,820-717-6661,rbennis42@gov.uk
148,True,True,691-615-6599,727-199-0251,fwickersley43@drupal.org
149,True,True,785-154-7949,792-608-1118,mcornwall44@amazon.co.jp
150,True,True,162-413-8172,503-892-3419,bloweth45@huffingtonpost.com
151,True,True,835-852-3834,106-313-8194,fmatthews46@purevolume.com
152,True,True,560-538-0985,374-981-8209,gbonwick47@bbc.co.uk
153,True,True,974-905-9620,381-944-8335,naleksankov48@sourceforge.net
154,True,True,223-584-5245,972-695-2267,jmatteoni49@google.pl
155,True,True,250-118-5673,740-423-3697,ileadbitter4a@clickbank.net
156,True,True,240-418-7202,597-558-4554,wtydd4b@businesswire.com
157,True,True,488-436-0989,362-136-4236,rgetcliff4c@usa.gov
158,True,True,256-711-1874,296-482-0183,jcanape4d@creativecommons.org
159,True,True,531-135-4867,810-758-9755,kgeorger4e@hugedomains.com
160,True,True,851-651-1592,907-343-8330,bcaraher4f@army.mil
161,True,True,176-903-2655,996-510-8818,gboulder4g@hibu.com
162,True,True,476-557-7834,699-539-3631,demmer4h@irs.gov
163,True,True,320-870-9160,766-819-2374,pgerardet4i@webs.com
164,True,True,547-591-3069,181-802-3147,ajohanning4j@constantcontact.com
165,True,True,258-610-2870,552-816-8804,ccraister4k@msn.com
166,True,True,812-415-3119,694-150-7566,udriuzzi4l@a8.net
167,True,True,105-600-2614,370-989-3417,jaggis4m@stanford.edu
168,True,True,837-943-6557,977-478-9799,jrosling4n@tinyurl.com
169,True,True,371-899-2074,170-801-2402,jaspinal4o@360.cn
170,True,True,374-692-1745,370-431-2610,gsouster4p@google.nl
171,True,True,575-283-4503,741-824-3090,jnewvell4q@myspace.com
172,True,True,288-900-1167,439-915-2262,wbartocci4r@usda.gov
173,True,True,287-431-0790,870-992-1113,dharragin4s@army.mil
174,True,True,378-441-7133,122-596-5056,igiuron4t@wikia.com
175,True,True,216-703-8252,653-943-2063,zbaldassi4u@1688.com
176,True,True,669-453-7048,951-327-1201,edaniaud4v@bizjournals.com
177,True,True,256-116-0772,279-980-6608,mleeves4w@cnet.com
178,True,True,819-927-5739,441-103-4437,lbensusan4x@mayoclinic.com
179,True,True,294-609-4346,710-346-5920,gsmowton4y@cbc.ca
180,True,True,557-639-7159,351-176-1907,ljeakins4z@oaic.gov.au
181,True,True,632-197-3970,129-429-6627,tchatelain50@cloudflare.com
182,True,True,221-897-6259,891-887-1354,lthewys51@google.es
183,True,True,137-354-8086,651-790-4337,clawlie52@yelp.com
184,True,True,297-151-7240,707-480-3303,perni53@springer.com
185,True,True,575-871-5607,228-102-2951,eshackel54@army.mil
186,True,True,885-822-1218,714-485-8007,omalsher55@devhub.com
187,True,True,567-653-8841,387-295-2000,bdachey56@sfgate.com
188,True,True,751-377-2361,398-283-7277,tenrietto57@hexun.com
189,True,True,585-534-8844,136-822-6413,mdawney58@netlog.com
190,True,True,496-104-8029,214-161-0542,mstreight59@msu.edu
191,True,True,543-633-3108,603-891-0533,hthoday5a@yellowpages.com
192,True,True,397-964-0671,139-527-9465,amaccafferky5b@miibeian.gov.cn
193,True,True,294-921-0966,758-262-8149,ljosuweit5c@twitpic.com
194,True,True,673-589-4291,302-778-4813,bdensie5d@yandex.ru
195,True,True,173-456-7805,133-406-8786,bcasterton5e@google.co.uk
196,True,True,659-473-4604,616-701-5261,glingwood5f@apache.org
197,True,True,302-194-6658,696-494-7680,rchimenti5g@google.es
198,True,True,882-109-5372,416-749-9075,mcorfield5h@unesco.org
199,True,True,692-290-9110,908-992-4263,emealand5i@usda.gov
200,True,True,443-385-5399,662-542-7594,psammonds5j@ycombinator.com
201,True,True,321-573-3434,619-758-1043,cjosefer5k@bluehost.com
202,True,True,394-169-4480,831-700-9043,rvalentin5l@imgur.com
203,True,True,533-411-4874,472-738-5856,rmartell5m@scientificamerican.com
204,True,True,156-567-7531,519-589-0330,ctoun5n@furl.net
205,True,True,871-902-8022,773-350-0934,pquarry5o@shop-pro.jp
206,True,True,367-966-8400,922-668-9636,fbanes5p@samsung.com
207,True,True,668-549-1565,719-101-6498,dbow5q@buzzfeed.com
208,True,True,847-293-6974,814-827-0963,sslopier5r@gizmodo.com
209,True,True,402-257-2450,559-874-2293,mwelford5s@elegantthemes.com
210,True,True,754-205-7745,544-667-1167,reldrett5t@virginia.edu
211,True,True,474-728-4369,520-539-2132,ndrillot5u@microsoft.com
212,True,True,831-681-7632,267-523-7745,jrevey5v@mit.edu
213,True,True,522-142-8698,270-396-2728,kredmore5w@fema.gov
214,True,True,140-855-9573,489-906-9281,ccornford5x@360.cn
215,True,True,379-891-6339,766-831-2706,aswatradge5y@mozilla.com
216,True,True,215-950-5969,747-458-5170,laston5z@google.co.uk
217,True,True,517-742-2519,888-954-0153,aurvoy60@360.cn
218,True,True,481-977-6875,809-884-4543,apinckney61@independent.co.uk
219,True,True,237-822-8037,937-550-3095,bpetrozzi62@webnode.com
220,True,True,632-221-2577,693-489-8715,ngenese63@scribd.com
221,True,True,450-974-7873,740-910-5915,emilkeham64@sina.com.cn
222,True,True,433-278-3656,279-325-6872,rdomenichini65@quantcast.com
223,True,True,284-265-4130,469-152-9110,rbwy66@tmall.com
224,True,True,188-754-4153,732-437-8179,aeveleigh67@mysql.com
225,True,True,703-410-6271,669-263-1245,gdungay68@hhs.gov
226,True,True,758-800-8684,528-740-0407,tvesty69@utexas.edu
227,True,True,966-515-7575,330-209-2538,cbraznell6a@cpanel.net
228,True,True,523-681-7849,377-232-1789,llineen6b@addtoany.com
229,True,True,628-510-1179,791-319-1890,lwitten6c@ycombinator.com
230,True,True,269-570-0314,599-570-1085,egrebner6d@histats.com
231,True,True,601-878-8046,428-510-0020,jsharply6e@va.gov
232,True,True,999-885-8542,912-414-7249,ntitterington6f@etsy.com
233,True,True,257-433-2892,734-129-9661,tdurdle6g@china.com.cn
234,True,True,442-508-8419,762-947-5548,hbursnell6h@goo.ne.jp
235,True,True,918-787-5265,430-285-5066,cextance6i@miitbeian.gov.cn
236,True,True,887-158-5367,421-131-8702,apetheridge6j@utexas.edu
237,True,True,510-300-1374,185-697-7328,thadland6k@nba.com
238,True,True,604-408-3426,121-806-4676,tkirimaa6l@unblog.fr
239,True,True,780-531-6018,128-634-7497,tpothergill6m@amazon.co.uk
240,True,True,402-777-2100,330-458-7076,jcommings6n@exblog.jp
241,True,True,537-803-5149,968-584-3050,mcanet6o@intel.com
242,True,True,168-567-0916,689-980-1054,afiggs6p@1und1.de
243,True,True,897-842-1103,953-587-8951,rkibbel6q@vistaprint.com
244,True,True,277-561-3205,128-688-1827,skildea6r@skyrock.com
245,True,True,982-789-2609,265-520-4520,pwolstencroft6s@whitehouse.gov
246,True,True,980-318-7572,453-269-2633,mebbage6t@flavors.me
247,True,True,643-676-1804,147-380-1200,bdymidowski6u@google.com.au
248,True,True,510-109-7863,522-209-8211,rsodo6v@wp.com
249,True,True,883-382-5995,667-269-4552,aespine6w@simplemachines.org
250,True,True,212-270-6055,535-395-5372,cdunham6x@google.nl
251,True,True,895-225-3791,737-807-1703,dasher6y@springer.com
252,True,True,318-803-2007,960-213-0010,lreddington6z@acquirethisname.com
253,True,True,353-256-0030,476-817-9211,agreste70@nature.com
254,True,True,798-421-4689,873-440-5284,egreer71@rakuten.co.jp
255,True,True,755-770-6138,388-549-8965,charvett72@answers.com
256,True,True,407-419-2392,482-541-6409,scoke73@nsw.gov.au
257,True,True,479-255-4948,813-273-5705,raslet74@berkeley.edu
258,True,True,854-114-6914,137-277-7219,kchristofe75@vimeo.com
259,True,True,707-825-4338,836-565-7458,lcorten76@tripod.com
260,True,True,567-980-2672,457-118-5898,miannazzi77@disqus.com
261,True,True,852-971-6086,914-857-3482,otocknell78@weibo.com
262,True,True,953-455-4675,225-657-3049,kcalleja79@wikipedia.org
263,True,True,755-199-1777,887-637-5954,ipettegre7a@squidoo.com
264,True,True,107-735-5429,666-712-3486,bpepperrall7b@wired.com
265,True,True,214-125-5204,689-631-4740,swinchcum7c@youtu.be
266,True,True,179-548-3509,276-598-8318,dtrynor7d@bluehost.com
267,True,True,724-306-5501,789-585-1714,mvernazza7e@marketwatch.com
268,True,True,725-244-1454,750-412-8308,cvenable7f@odnoklassniki.ru
269,True,True,169-594-2274,370-822-0235,bnorheny7g@prlog.org
270,True,True,236-523-5697,526-567-6970,rplumbley7h@ovh.net
271,True,True,734-403-1052,400-198-5676,hmccaskill7i@ustream.tv
272,True,True,534-755-2724,698-227-4294,hhaensel7j@msn.com
273,True,True,817-848-3267,281-402-0589,ckail7k@taobao.com
274,True,True,151-920-4471,119-561-2128,camiranda7l@canalblog.com
275,True,True,878-663-9924,682-600-5496,bsnawdon7m@tiny.cc
276,True,True,557-274-1294,780-442-8723,bcaile7n@accuweather.com
277,True,True,517-371-4613,843-821-2309,bcharlwood7o@simplemachines.org
278,True,True,108-640-2368,214-666-8298,ftravers7p@ebay.com
279,True,True,259-801-0770,914-956-5487,vlarrington7q@naver.com
280,True,True,576-737-1871,892-613-2169,abilbrey7r@acquirethisname.com
281,True,True,962-696-3504,164-262-5280,chatherley7s@github.com
282,True,True,212-615-7255,612-782-8634,sodell7t@51.la
283,True,True,589-400-9771,615-625-9174,ebeeckx7u@goodreads.com
284,True,True,500-318-2379,336-340-8377,ekerbler7v@bing.com
285,True,True,284-435-5235,709-160-1207,gcampelli7w@mapquest.com
286,True,True,669-700-5338,501-198-0485,wraimbauld7x@irs.gov
287,True,True,462-164-4286,321-523-1081,awilse7y@deliciousdays.com
288,True,True,218-709-4989,854-609-1161,ahavvock7z@army.mil
289,True,True,197-326-7771,616-676-7791,hilieve80@php.net
290,True,True,600-338-3847,885-920-0925,aomahony81@soundcloud.com
291,True,True,241-479-2544,649-952-2390,hstidworthy82@wunderground.com
292,True,True,851-429-8442,753-878-2483,sgodber83@skype.com
293,True,True,285-136-6232,538-187-0086,ehunnam84@discuz.net
294,True,True,654-896-3568,347-807-9913,ewaitland85@bloglines.com
295,True,True,511-102-0973,563-235-8361,abjerkan86@ibm.com
296,True,True,233-440-7853,245-424-4545,xcollacombe87@kickstarter.com
297,True,True,238-736-2466,547-469-1847,gcheverell88@canalblog.com
298,True,True,618-211-0989,227-305-8991,cchern89@upenn.edu
299,True,True,864-356-2152,629-619-4742,ndarkott8a@wsj.com
300,True,True,557-213-6275,683-519-9448,sstubbings8b@altervista.org
301,True,True,275-160-2388,312-966-7341,bcowely8c@sourceforge.net
302,True,True,443-350-8619,767-132-3955,dsaben8d@lulu.com
303,True,True,669-619-4927,906-224-1019,terrichi8e@unc.edu
304,True,True,174-221-5709,197-115-6852,rshewry8f@gizmodo.com
305,True,True,556-602-0707,160-626-2739,lnoddles8g@jigsy.com
306,True,True,797-362-4583,400-108-4038,nsleicht8h@lycos.com
307,True,True,456-517-7294,406-524-3061,jgobbett8i@elpais.com
308,True,True,889-890-3942,642-461-8981,bformoy8j@yellowbook.com
309,True,True,107-158-2777,454-583-0115,gpatching8k@ftc.gov
310,True,True,691-548-9609,433-134-0593,kcrispin8l@free.fr
311,True,True,407-710-7287,777-148-7171,dwagg8m@huffingtonpost.com
312,True,True,892-975-1253,902-782-2780,borpin8n@bloglines.com
313,True,True,787-281-0031,645-700-3097,ekarlicek8o@shutterfly.com
314,True,True,857-200-6544,595-309-4209,dgoodley8p@etsy.com
315,True,True,704-615-4631,896-356-4184,nmcpake8q@uiuc.edu
316,True,True,831-786-2544,754-104-3123,atitheridge8r@deviantart.com
317,True,True,824-382-7957,297-331-8581,jfleisch8s@bigcartel.com
318,True,True,485-656-7081,550-966-3887,cfaulo8t@latimes.com
319,True,True,351-178-6103,394-519-4525,idriussi8u@exblog.jp
320,True,True,980-213-7933,244-811-8214,tgrave8v@intel.com
321,True,True,428-259-7076,468-271-8588,nwalczak8w@photobucket.com
322,True,True,602-322-9332,420-703-9468,bisakov8x@uol.com.br
323,True,True,324-934-2478,611-714-4273,abreyt8y@jugem.jp
324,True,True,687-567-0632,708-787-5157,jdonan8z@youtu.be
325,True,True,507-720-4376,941-642-9657,sstacey90@ycombinator.com
326,True,True,854-288-2338,221-110-9119,nkopp91@vistaprint.com
327,True,True,536-874-6671,896-307-3344,mstarkey92@patch.com
328,True,True,247-974-6692,886-191-4563,aseiler93@ft.com
329,True,True,960-481-1780,732-710-4879,tdameisele94@hatena.ne.jp
330,True,True,709-711-9245,799-543-7617,dcockrill95@hatena.ne.jp
331,True,True,615-200-4885,318-934-2634,jweatherill96@discovery.com
332,True,True,122-270-3042,208-274-0920,echapiro97@umn.edu
333,True,True,506-199-8477,983-492-9921,jsiburn98@mediafire.com
334,True,True,888-209-4922,909-479-1821,stunkin99@nytimes.com
335,True,True,547-770-2065,262-614-2350,efreezer9a@umich.edu
336,True,True,301-182-6567,364-598-2344,adoudny9b@alexa.com
337,True,True,284-539-7595,369-596-8512,laugie9c@github.com
338,True,True,111-632-1328,707-679-9214,echandlar9d@miitbeian.gov.cn
339,True,True,660-109-3116,332-601-4124,dcarpenter9e@nsw.gov.au
340,True,True,176-613-7069,734-836-4162,hmunroe9f@utexas.edu
341,True,True,467-984-6864,739-336-3037,cperch9g@nationalgeographic.com
342,True,True,849-468-1460,855-413-6200,dmorville9h@slashdot.org
343,True,True,301-682-0930,573-595-7454,ebabber9i@mediafire.com
344,True,True,820-543-5985,712-764-9473,jtilmouth9j@nyu.edu
345,True,True,714-863-3442,710-526-7197,adundon9k@illinois.edu
346,True,True,907-824-7672,506-314-8262,hbosche9l@umn.edu
347,True,True,225-184-7637,279-689-8714,lassandri9m@zimbio.com
348,True,True,323-564-0025,191-688-7347,hrusse9n@toplist.cz
349,True,True,518-699-5172,224-103-4841,hallaway9o@lulu.com
350,True,True,688-804-9570,635-799-1610,jbaldacchino9p@shinystat.com
351,True,True,480-514-2122,223-809-7607,rwillimot9q@cbc.ca
352,True,True,249-550-2938,797-389-9967,cfritz9r@bluehost.com
353,True,True,338-621-8229,607-802-4968,vstratten9s@youtu.be
354,True,True,913-221-1800,182-179-4475,fsoughton9t@discovery.com
355,True,True,107-760-9593,148-432-4291,lnise9u@bigcartel.com
356,True,True,434-931-9401,181-158-0597,isimmon9v@yellowbook.com
357,True,True,676-696-0354,894-389-8449,pcraigheid9w@gizmodo.com
358,True,True,503-382-4188,890-866-5109,phakey9x@pbs.org
359,True,True,972-184-7403,334-586-9631,jjorn9y@illinois.edu
360,True,True,579-773-1379,105-125-6846,oevangelinos9z@virginia.edu
361,True,True,716-840-4567,496-666-7872,esmithea0@so-net.ne.jp
362,True,True,132-113-8177,476-429-0499,mwattinga1@merriam-webster.com
363,True,True,537-513-8676,966-565-6220,fredda2@merriam-webster.com
364,True,True,186-900-8849,521-326-6300,gdella3@fda.gov
365,True,True,790-795-1201,680-656-6899,rlundona4@economist.com
366,True,True,867-228-0044,984-490-1448,kmcbridea5@netlog.com
367,True,True,717-141-7239,455-568-4743,pprofita6@clickbank.net
368,True,True,698-307-7569,623-273-5648,gdobkina7@cam.ac.uk
369,True,True,651-147-1424,363-612-2210,afranzkea8@archive.org
370,True,True,944-822-5185,721-656-2984,czanazzia9@techcrunch.com
371,True,True,574-488-1623,108-387-5917,croseboroughaa@google.nl
372,True,True,508-253-7749,147-272-4333,mhambatchab@drupal.org
373,True,True,886-371-7041,381-822-7746,gdjurdjevicac@surveymonkey.com
374,True,True,282-980-7414,211-314-9411,msaltwellad@godaddy.com
375,True,True,350-293-9560,432-724-3526,gscutcheonae@shutterfly.com
376,True,True,743-189-7601,220-519-4600,kakidaf@google.fr
377,True,True,944-103-1414,463-324-0502,cpergensag@google.com.br
378,True,True,211-827-6486,727-742-6415,dcoughlinah@barnesandnoble.com
379,True,True,398-984-7681,923-718-4151,fgodbertai@house.gov
380,True,True,596-253-3750,854-167-8522,ctrippackaj@sun.com
381,True,True,425-576-5548,464-342-7733,dcheccuzziak@usda.gov
382,True,True,657-468-8886,392-227-0277,awattonal@hibu.com
383,True,True,285-857-3535,361-522-1942,vjennawayam@skyrock.com
384,True,True,252-967-2593,174-644-2623,dmackaigan@weather.com
385,True,True,120-150-2977,284-651-5750,kgounyao@php.net
386,True,True,911-694-2233,674-113-3169,oshannahanap@rediff.com
387,True,True,374-654-9552,564-182-4844,gcrinsonaq@dropbox.com
388,True,True,279-681-8857,427-249-3445,tcrainar@businessinsider.com
389,True,True,265-766-1433,684-750-4776,ajoblinas@eepurl.com
390,True,True,347-603-2982,395-540-2465,jbilleat@noaa.gov
391,True,True,748-792-4165,279-734-0162,ppragnellau@mit.edu
392,True,True,652-991-7866,829-188-0107,pcaraherav@naver.com
393,True,True,595-246-2031,343-696-6335,imoyceaw@stanford.edu
394,True,True,773-908-5686,557-942-9032,ahillenax@msn.com
395,True,True,583-490-5612,511-762-5846,aborgay@furl.net
396,True,True,198-755-6402,652-624-3052,gsilversmidtaz@printfriendly.com
397,True,True,687-716-9651,896-227-3891,agildeab0@creativecommons.org
398,True,True,691-259-3193,305-735-8092,treubelb1@latimes.com
399,True,True,195-571-9683,395-257-4607,challoranb2@discuz.net
400,True,True,220-530-9284,366-696-9918,lpetrb3@tuttocitta.it
401,True,True,998-312-0128,485-290-8909,cstrangmanb4@instagram.com
402,True,True,323-339-5123,555-237-9228,omunehayb5@xing.com
403,True,True,854-377-6757,975-500-3223,agegayb6@bigcartel.com
404,True,True,588-749-5697,452-911-5256,cmynettb7@yellowbook.com
405,True,True,247-881-8553,519-796-3176,frosenauerb8@bluehost.com
406,True,True,111-647-3022,518-128-7595,kjurewiczb9@yahoo.com
407,True,True,875-227-2468,745-755-1525,npolyeba@dmoz.org
408,True,True,100-511-3892,142-444-8197,dlesperbb@furl.net
409,True,True,885-580-5772,918-597-9210,pgregerbc@jiathis.com
410,True,True,505-504-2568,652-521-8427,hlangrickbd@wikia.com
411,True,True,987-759-0171,377-240-5715,mpuckringbe@wordpress.org
412,True,True,771-729-1649,594-569-5116,mgagerbf@ucoz.ru
413,True,True,989-955-7189,414-304-0220,aegdalebg@ovh.net
414,True,True,140-774-9105,155-977-5089,omalitrottbh@skyrock.com
415,True,True,403-976-4945,652-181-2512,lmeneghibi@wunderground.com
416,True,True,220-142-1640,192-921-1374,rskipseybj@pcworld.com
417,True,True,596-128-4775,690-116-5727,vburgessbk@squidoo.com
418,True,True,758-249-6128,854-994-0769,jpallaskebl@phpbb.com
419,True,True,804-951-2725,887-353-4691,cfavellebm@aol.com
420,True,True,606-409-7074,977-643-1295,dnewardbn@sina.com.cn
421,True,True,283-939-5726,535-830-0338,jabbsbo@independent.co.uk
422,True,True,907-740-2772,685-179-3898,bfarquharsonbp@guardian.co.uk
423,True,True,633-408-8612,963-839-1454,ddrowsfieldbq@addthis.com
424,True,True,432-561-5375,484-503-4547,kskyrmebr@japanpost.jp
425,True,True,576-713-0530,446-371-5630,bprobeybs@blogs.com
426,True,True,460-133-9515,764-860-8218,fjambrozekbt@yellowpages.com
427,True,True,480-862-7743,313-651-3654,jrysombu@soundcloud.com
428,True,True,565-830-9774,230-330-9323,bpembrybv@reddit.com
429,True,True,461-704-6190,251-846-1473,lbaughanbw@hc360.com
430,True,True,339-546-9128,416-747-4752,rsinkinsbx@freewebs.com
431,True,True,992-295-4265,191-111-2113,sstaytby@t.co
432,True,True,314-109-3087,332-304-9156,nbrookwellbz@usda.gov
433,True,True,834-736-8072,148-592-7509,cmecozzic0@1688.com
434,True,True,777-627-9779,911-906-7027,abenardeauc1@nationalgeographic.com
435,True,True,324-161-3358,609-461-6095,igillamc2@icio.us
436,True,True,172-769-4127,141-151-4831,kboytonc3@ibm.com
437,True,True,330-311-7468,134-533-8004,csharlandc4@digg.com
438,True,True,666-250-2902,209-692-9413,cfranzolinic5@dedecms.com
439,True,True,767-903-9615,202-700-2186,pseakingc6@unicef.org
440,True,True,607-694-2547,920-447-8434,ohullinc7@usatoday.com
441,True,True,615-493-6208,149-669-0754,mpontefractc8@hao123.com
442,True,True,469-693-7213,447-700-3144,pmckeighanc9@studiopress.com
443,True,True,314-745-3225,977-447-4542,vgoodbodyca@huffingtonpost.com
444,True,True,475-516-2557,342-546-5303,mbrandescb@yolasite.com
445,True,True,563-522-5659,231-683-5283,tcowlecc@slideshare.net
446,True,True,406-895-9277,402-895-2307,ckennermanncd@rakuten.co.jp
447,True,True,948-412-8921,246-659-1251,mtremouletce@chicagotribune.com
448,True,True,111-988-7449,322-357-3249,amcglashancf@washingtonpost.com
449,True,True,214-674-6583,675-141-8708,smelsoncg@cargocollective.com
450,True,True,269-885-0154,325-539-6154,hkenchingtonch@vinaora.com
451,True,True,191-598-6102,237-471-3285,bventuraci@illinois.edu
452,True,True,394-874-0742,208-816-6162,boswickcj@indiatimes.com
453,True,True,436-630-2207,282-573-4082,njenkinck@dailymail.co.uk
454,True,True,878-449-5967,851-548-7753,ggilderscl@oracle.com
455,True,True,716-539-1896,566-904-7365,twisniowskicm@dropbox.com
456,True,True,984-798-1085,130-552-2561,cartzcn@devhub.com
457,True,True,652-466-2390,225-990-6004,rgirardettico@ed.gov
458,True,True,486-146-6795,953-622-9183,bmouldercp@sun.com
459,True,True,736-758-5052,189-592-4318,kklavescq@un.org
460,True,True,182-809-5069,253-900-2429,nbrewoodcr@typepad.com
461,True,True,264-818-7082,976-747-9647,kengledowcs@naver.com
462,True,True,982-760-3966,974-618-6268,ominterct@weather.com
463,True,True,435-166-8360,821-905-3687,sloveredgecu@comsenz.com
464,True,True,389-588-9343,740-315-2092,lperillocv@gravatar.com
465,True,True,216-464-4316,215-704-3713,pconnuecw@go.com
466,True,True,176-994-2340,992-302-7911,parboincx@adobe.com
467,True,True,747-213-2707,975-102-0855,ecovetcy@businesswire.com
468,True,True,558-398-9253,141-138-1237,mobrollachaincz@bloglines.com
469,True,True,490-328-5490,785-998-1800,tdullaghand0@dropbox.com
470,True,True,469-994-8762,461-574-0772,msmallsd1@dell.com
471,True,True,889-605-4610,305-946-8932,gcastellid2@freewebs.com
472,True,True,118-139-4656,937-319-4095,pfogtd3@businessinsider.com
473,True,True,320-330-3429,889-921-7699,dusherwoodd4@icq.com
474,True,True,564-331-5789,624-369-3749,wpaulitschked5@hc360.com
475,True,True,398-677-4288,909-552-8517,fmathiasd6@scribd.com
476,True,True,844-968-2534,831-384-1990,vruffyd7@geocities.com
477,True,True,793-337-2990,602-378-4525,ctrunchiond8@1688.com
478,True,True,334-436-2761,356-862-8206,egrancherd9@ycombinator.com
479,True,True,673-419-8088,248-354-5568,sgenteryda@cdc.gov
480,True,True,156-871-9658,370-964-7141,nleamondb@virginia.edu
481,True,True,824-257-9789,571-901-2012,rfearneleydc@cbslocal.com
482,True,True,824-642-1529,675-730-5369,icrixdd@usatoday.com
483,True,True,362-229-4509,654-586-9565,rsladde@macromedia.com
484,True,True,413-433-4194,796-312-6916,gswanndf@dropbox.com
485,True,True,231-686-8508,198-295-6288,amcniffdg@hc360.com
486,True,True,894-891-7067,352-407-7476,fcashindh@facebook.com
487,True,True,834-961-5731,558-296-8782,rabaroughdi@indiatimes.com
488,True,True,492-849-2996,527-805-6718,lcostarddj@elegantthemes.com
489,True,True,911-713-5737,312-328-4734,vshewringdk@addtoany.com
490,True,True,806-597-0301,696-476-0484,aoconordl@desdev.cn
491,True,True,123-973-2989,980-298-2363,azaniolinidm@ehow.com
492,True,True,437-219-3054,347-128-9453,jsmithsondn@nih.gov
493,True,True,466-264-3660,703-151-4065,atomekdo@latimes.com
494,True,True,730-334-7359,301-900-8597,cgaylorddp@sbwire.com
495,True,True,120-100-7147,234-356-8905,rsimonaitisdq@shinystat.com
496,True,True,527-728-2474,496-442-6543,ccabottodr@rakuten.co.jp
497,True,True,135-841-4767,499-639-9625,pgoodbands@ustream.tv
498,True,True,746-640-6650,377-412-3492,dbletsodt@hatena.ne.jp
499,True,True,763-882-7704,492-350-2584,wlittrickdu@youku.com
500,True,True,637-273-1832,758-698-9751,scrokerdv@marriott.com
