FirstName,LastName,UserName,Email,Password,DOB,GENDER,SpecRole
Alfi,Westoff,awestoff0,awestoff0@addtoany.com,pvx4CYI58.!,1994-03-08 13:00:39,Female,Customer
Teodoor,Meegan,tmeegan1,tmeegan1@blogger.com,bey0QTI72.!,1992-09-15 08:59:58,Male,Customer
Cathy,Edel,cedel2,cedel2@shutterfly.com,uqy4TLP10.!,1989-08-22 14:58:00,Female,Customer
Christy,Ribeiro,cribeiro3,cribeiro3@hexun.com,fxa8WHT10.!,1999-07-19 13:09:04,Female,Customer
Felizio,Dormand,fdormand4,fdormand4@mac.com,bkp8OAE26.!,2005-09-14 05:16:22,Male,Customer
Pen,Gulley,pgulley5,pgulley5@liveinternet.ru,qhu1JLX60.!,2007-07-17 10:52:37,Female,Customer
Shirl,Eslemont,seslemont6,seslemont6@cnbc.com,qqr3BCZ75.!,2001-02-22 18:53:10,Female,Customer
Leah,Pavlovsky,lpavlovsky7,lpavlovsky7@surveymonkey.com,yyj7WSO71.!,2003-04-04 23:14:36,Female,Customer
Loretta,Henken,lhenken8,lhenken8@umich.edu,mgq7ECG33.!,1993-04-16 16:42:56,Female,Customer
Anthea,Rickardes,arickardes9,arickardes9@java.com,zse2NQW69.!,1994-04-06 14:23:22,Female,Customer
Engelbert,Squire,esquirea,esquirea@businesswire.com,uqm0PTR68.!,1993-10-02 14:17:36,Male,Customer
Reade,Sieb,rsiebb,rsiebb@creativecommons.org,gdi9AWJ22.!,2004-07-03 12:58:35,Male,Customer
Tabby,Rawdales,trawdalesc,trawdalesc@last.fm,gjc6WJU12.!,1988-09-19 08:13:03,Male,Customer
Demetri,Andriveaux,dandriveauxd,dandriveauxd@dot.gov,ioc1HAS99.!,2010-02-26 02:58:49,Male,Customer
Bridgette,Helstrom,bhelstrome,bhelstrome@answers.com,nqw9VUU78.!,2007-01-21 22:25:27,Female,Customer
North,Stainton - Skinn,nstaintonskinnf,nstaintonskinnf@go.com,tla9OCW65.!,2000-03-30 01:56:04,Male,Customer
Patty,Millberg,pmillbergg,pmillbergg@parallels.com,osk8MCC07.!,2008-06-24 10:15:31,Female,Customer
Edlin,Elks,eelksh,eelksh@vimeo.com,qls4ZDT11.!,1999-06-26 19:05:07,Male,Customer
Hermy,Antoszewski,hantoszewskii,hantoszewskii@constantcontact.com,nqe1RRR88.!,1990-02-16 09:03:03,Male,Customer
Alika,Demageard,ademageardj,ademageardj@github.io,iep0TJA30.!,2009-01-01 08:49:11,Female,Customer
Danielle,Mouland,dmoulandk,dmoulandk@techcrunch.com,zkz3ERS13.!,2001-05-22 19:58:51,Female,Customer
Jerome,Speake,jspeakel,jspeakel@google.com,aql3UND51.!,1989-09-29 10:38:59,Male,Customer
Saundra,Gasnoll,sgasnollm,sgasnollm@washingtonpost.com,fmv2CVL51.!,1996-01-25 12:23:45,Male,Customer
Iorgos,Benbrick,ibenbrickn,ibenbrickn@jiathis.com,eyy4SAB97.!,2002-02-02 22:32:28,Male,Customer
Anni,Waterhouse,awaterhouseo,awaterhouseo@cbsnews.com,vhd4ZJP39.!,2006-11-07 04:01:22,Female,Customer
Dolly,Kenner,dkennerp,dkennerp@4shared.com,gjp0KTQ28.!,2009-07-31 20:09:47,Female,Customer
Shaylynn,Bilsborrow,sbilsborrowq,sbilsborrowq@rediff.com,jbf9TUX26.!,2005-11-25 05:48:04,Female,Customer
Steffi,Comar,scomarr,scomarr@independent.co.uk,xjh5EWT26.!,1986-12-09 15:20:53,Female,Customer
Alyosha,Stivani,astivanis,astivanis@sphinn.com,kqq4GYH18.!,2006-01-31 05:18:53,Male,Customer
Madlen,Kienle,mkienlet,mkienlet@marketwatch.com,gax6KYO75.!,2009-10-15 03:10:28,Female,Customer
Georgine,Broom,gbroomu,gbroomu@people.com.cn,cpw7RWW57.!,1998-09-04 13:25:14,Female,Customer
Heda,Bushell,hbushellv,hbushellv@gizmodo.com,mvv3DFG87.!,2009-05-28 03:17:57,Female,Customer
Jens,Jepperson,jjeppersonw,jjeppersonw@elpais.com,nkq8FSI23.!,1994-12-07 19:29:13,Male,Customer
Tiphany,Creech,tcreechx,tcreechx@dailymotion.com,sao4LRK33.!,1988-10-04 05:21:25,Female,Customer
Fawnia,Greengrass,fgreengrassy,fgreengrassy@storify.com,loq6OLP79.!,2002-06-14 03:17:18,Female,Customer
Beret,Cobbin,bcobbinz,bcobbinz@etsy.com,aah8JPW09.!,2002-11-10 15:20:37,Female,Customer
Quinn,Cleworth,qcleworth10,qcleworth10@biblegateway.com,yis7IYB70.!,1981-12-08 19:30:24,Female,Customer
Saunders,Kersey,skersey11,skersey11@narod.ru,yon8ENJ95.!,1998-01-07 08:46:17,Male,Customer
Dodie,Adamo,dadamo12,dadamo12@dailymotion.com,tcz4LRH56.!,1980-11-25 01:41:16,Female,Customer
Rebecka,MacVaugh,rmacvaugh13,rmacvaugh13@columbia.edu,dkt0OIR30.!,1997-05-28 11:24:11,Female,Customer
Lucy,Raffels,lraffels14,lraffels14@nydailynews.com,fah7QKL67.!,1993-05-24 11:19:40,Female,Customer
Giustina,Mapledoore,gmapledoore15,gmapledoore15@shareasale.com,gnw5VXC39.!,2002-07-25 08:35:42,Female,Customer
Shae,Cousins,scousins16,scousins16@typepad.com,hku1WPO65.!,1992-06-25 16:11:30,Female,Customer
Pooh,Gianneschi,pgianneschi17,pgianneschi17@hugedomains.com,snp2DWG54.!,2009-12-17 22:51:46,Female,Customer
Vittorio,Riccard,vriccard18,vriccard18@yahoo.com,qup4FYF32.!,2003-02-04 02:46:30,Male,Customer
Johnathon,Longstaffe,jlongstaffe19,jlongstaffe19@usda.gov,rel0WPX17.!,1995-10-02 08:57:45,Male,Customer
Zara,Burhill,zburhill1a,zburhill1a@mlb.com,pla7VQX65.!,1986-09-05 09:56:41,Female,Customer
Savina,Nend,snend1b,snend1b@thetimes.co.uk,onn9NRR89.!,1988-10-22 13:52:55,Female,Customer
Salvador,Primett,sprimett1c,sprimett1c@nytimes.com,tvs4WGA75.!,1985-12-30 07:11:23,Male,Customer
Felizio,Fellibrand,ffellibrand1d,ffellibrand1d@indiatimes.com,tvb7EDN93.!,1989-03-24 11:12:38,Male,Customer
Selma,Jasik,sjasik1e,sjasik1e@bizjournals.com,zmr4GCO45.!,2006-04-10 16:35:44,Female,Customer
Jobie,Dunster,jdunster1f,jdunster1f@miitbeian.gov.cn,ser8YEC82.!,1996-04-17 16:39:56,Female,Customer
Anestassia,Boole,aboole1g,aboole1g@virginia.edu,qde0BAJ77.!,1984-11-01 04:41:22,Female,Customer
Paige,Lyddy,plyddy1h,plyddy1h@netscape.com,cqp4TAO37.!,2009-09-10 21:38:01,Male,Customer
Silvanus,Steuart,ssteuart1i,ssteuart1i@domainmarket.com,bbx6TYW01.!,2000-01-24 17:25:30,Male,Customer
Rickard,Boulger,rboulger1j,rboulger1j@vkontakte.ru,nxr9XKL07.!,2003-11-27 09:00:39,Male,Customer
Ailis,Wase,awase1k,awase1k@unblog.fr,qns0ATJ30.!,1999-11-09 10:02:28,Female,Customer
Richmond,Slayny,rslayny1l,rslayny1l@123-reg.co.uk,cam0FJN40.!,1993-12-19 08:26:01,Male,Customer
Allix,Stephens,astephens1m,astephens1m@jugem.jp,tzr8QLY26.!,1980-03-11 00:47:48,Female,Customer
Svend,Rossoni,srossoni1n,srossoni1n@mac.com,rxs1CLF27.!,2000-04-27 17:18:42,Male,Customer
Ashley,Sentinella,asentinella1o,asentinella1o@posterous.com,utr8GLG64.!,1998-09-17 04:49:40,Female,Customer
Gallard,MacLachlan,gmaclachlan1p,gmaclachlan1p@state.tx.us,fmf8WQY93.!,2008-06-07 01:29:05,Male,Customer
Mercie,Gason,mgason1q,mgason1q@addtoany.com,ikr1KLX78.!,1984-06-05 00:29:58,Female,Customer
Niels,Grodden,ngrodden1r,ngrodden1r@cargocollective.com,oat5AOT59.!,1981-10-15 10:46:23,Male,Customer
Audra,Surgeon,asurgeon1s,asurgeon1s@creativecommons.org,aga1KOM94.!,1997-06-02 04:49:31,Female,Customer
Darrel,Eyckelbeck,deyckelbeck1t,deyckelbeck1t@constantcontact.com,xkx4XID69.!,2008-05-21 06:32:35,Male,Customer
Adan,Fossord,afossord1u,afossord1u@merriam-webster.com,mdg7HBD62.!,1986-03-15 19:15:30,Female,Customer
Putnem,Ipsly,pipsly1v,pipsly1v@earthlink.net,uns6ZJR99.!,1981-08-17 22:45:54,Male,Customer
Fern,Simeoni,fsimeoni1w,fsimeoni1w@sohu.com,fph7OMB10.!,1992-04-15 13:40:26,Female,Customer
Denys,Nucator,dnucator1x,dnucator1x@hibu.com,hld7DOU04.!,1991-07-11 18:53:09,Female,Customer
Vanni,Chapelhow,vchapelhow1y,vchapelhow1y@fastcompany.com,ifl2VZP00.!,1996-09-15 14:33:21,Female,Customer
Ashla,Andrez,aandrez1z,aandrez1z@businesswire.com,uky3QFH69.!,1982-09-16 08:36:54,Female,Customer
Mavra,Lovel,mlovel20,mlovel20@myspace.com,ebt4YQW89.!,1999-04-01 15:00:12,Female,Customer
Benson,Kear,bkear21,bkear21@nyu.edu,vmt5YRX86.!,2009-02-09 01:06:44,Male,Customer
Orlan,Eden,oeden22,oeden22@eepurl.com,onc9DYA10.!,2004-10-29 10:48:03,Male,Customer
Harv,Alway,halway23,halway23@xinhuanet.com,cnp0YRL06.!,2002-03-10 01:59:03,Male,Customer
Murdock,Sainz,msainz24,msainz24@scientificamerican.com,big8FDB86.!,2004-07-20 14:31:07,Male,Customer
Ekaterina,Benterman,ebenterman25,ebenterman25@hubpages.com,fou7GUE56.!,1992-10-15 22:20:40,Female,Customer
Elijah,Wickey,ewickey26,ewickey26@hostgator.com,lht6JPW82.!,2010-01-31 01:56:37,Male,Customer
Nikoletta,Arnold,narnold27,narnold27@princeton.edu,wyx1IXT39.!,1994-02-25 18:56:22,Female,Customer
Mandy,Rihanek,mrihanek28,mrihanek28@theguardian.com,bae0TGN21.!,1991-11-28 13:19:23,Female,Customer
Camile,Thiolier,cthiolier29,cthiolier29@acquirethisname.com,efk5GXR41.!,1989-04-07 01:29:21,Female,Customer
Veronike,Caroli,vcaroli2a,vcaroli2a@creativecommons.org,jdk6WWB36.!,1992-06-19 19:30:09,Female,Customer
Amalee,Tortice,atortice2b,atortice2b@photobucket.com,jzi5LAT14.!,2005-01-16 18:19:03,Female,Customer
Franky,Hopfner,fhopfner2c,fhopfner2c@forbes.com,qng0XVB86.!,1997-03-11 11:49:16,Male,Customer
Suellen,Canto,scanto2d,scanto2d@techcrunch.com,ayc5SUV83.!,1986-11-29 23:51:45,Female,Customer
Prisca,Lehrer,plehrer2e,plehrer2e@amazon.com,src5YTH54.!,1993-08-20 10:58:03,Female,Customer
Moritz,Carlile,mcarlile2f,mcarlile2f@telegraph.co.uk,yfc6XNM26.!,1998-11-18 04:29:41,Male,Customer
Muffin,Twizell,mtwizell2g,mtwizell2g@sphinn.com,ayp6QCF76.!,2000-11-20 22:21:01,Female,Customer
Wesley,Sandiford,wsandiford2h,wsandiford2h@opera.com,jby7EZE43.!,1990-09-29 15:46:25,Male,Customer
Lucinda,Dank,ldank2i,ldank2i@whitehouse.gov,spz9TXP47.!,2002-02-18 12:25:18,Female,Customer
Idalia,Freire,ifreire2j,ifreire2j@phpbb.com,sxs3ATD63.!,2009-08-07 18:55:39,Female,Customer
Stevy,Wrightim,swrightim2k,swrightim2k@intel.com,pwe3GAS12.!,1993-12-07 06:21:46,Male,Customer
Farlay,Bloom,fbloom2l,fbloom2l@nationalgeographic.com,rrn7ZMT83.!,1993-12-24 00:23:18,Male,Customer
Lindie,Berg,lberg2m,lberg2m@icq.com,uxu1PUB33.!,2000-02-08 09:32:44,Female,Customer
Ham,McClure,hmcclure2n,hmcclure2n@yahoo.com,miz9IZR20.!,2006-07-06 04:48:31,Male,Customer
Starlin,Croucher,scroucher2o,scroucher2o@ustream.tv,pcc3MNJ36.!,2004-12-09 13:04:32,Female,Customer
Kathye,Stedell,kstedell2p,kstedell2p@smugmug.com,iut6GAF43.!,1989-03-20 23:23:37,Female,Customer
Ellie,Gonoude,egonoude2q,egonoude2q@cocolog-nifty.com,khb2SMF95.!,2008-07-16 10:20:16,Female,Customer
Briny,Sheaf,bsheaf2r,bsheaf2r@nationalgeographic.com,tzo2NOF41.!,2002-08-28 17:27:10,Female,Customer
Crosby,Breinlein,cbreinlein2s,cbreinlein2s@vinaora.com,rdg8YVM60.!,2006-05-26 06:23:50,Male,Customer
Kellia,Waryk,kwaryk2t,kwaryk2t@php.net,rla6DFP74.!,2009-05-04 12:51:06,Female,Customer
Evangeline,Guise,eguise2u,eguise2u@vkontakte.ru,wxk0VJB64.!,1988-10-04 04:44:01,Female,Customer
Angelico,Trundle,atrundle2v,atrundle2v@bluehost.com,ejr7FKY80.!,1980-04-30 04:58:34,Male,Customer
Hinda,Francais,hfrancais2w,hfrancais2w@wix.com,yiv4NGS24.!,1982-12-24 12:37:22,Female,Customer
Dar,Fanti,dfanti2x,dfanti2x@ed.gov,wku6RVU13.!,1998-12-15 03:10:38,Male,Customer
Shannon,Horney,shorney2y,shorney2y@storify.com,kah9AWM28.!,1998-04-11 14:01:02,Female,Customer
Urban,Worstall,uworstall2z,uworstall2z@seattletimes.com,iky7AUA13.!,1995-11-28 23:59:14,Male,Customer
Manda,Pim,mpim30,mpim30@weather.com,snp3IEL88.!,1981-09-27 03:45:14,Female,Customer
Eadith,Scriviner,escriviner31,escriviner31@acquirethisname.com,pue7PDG21.!,1988-08-14 23:14:00,Female,Customer
Helaine,Antowski,hantowski32,hantowski32@hc360.com,hwv3HEV07.!,1999-11-01 06:58:54,Female,Customer
Godard,Riddock,griddock33,griddock33@pcworld.com,fyk2WWG22.!,1996-11-24 17:27:30,Male,Customer
Neale,McCahill,nmccahill34,nmccahill34@cam.ac.uk,ojj3FNL95.!,1984-04-21 15:50:33,Male,Customer
Gregor,McAlroy,gmcalroy35,gmcalroy35@archive.org,kpb1KCH20.!,1995-06-30 00:25:28,Male,Customer
Roscoe,Wythe,rwythe36,rwythe36@youtu.be,lki7KLX74.!,1994-10-22 02:53:51,Male,Customer
Katey,Boldry,kboldry37,kboldry37@elegantthemes.com,cir2QPT51.!,2000-12-08 06:38:23,Female,Customer
Rudolfo,Japp,rjapp38,rjapp38@purevolume.com,kln0PMY66.!,1984-12-13 02:42:54,Male,Customer
Robert,de Grey,rdegrey39,rdegrey39@twitter.com,bsl4BTG06.!,2000-03-09 19:11:25,Male,Customer
Susanetta,Gwyneth,sgwyneth3a,sgwyneth3a@slashdot.org,gmc8RZM63.!,2005-12-20 19:10:33,Female,Customer
Archibald,Coggen,acoggen3b,acoggen3b@ox.ac.uk,yre6BSY69.!,2000-08-13 19:00:16,Male,Customer
Rosa,Agar,ragar3c,ragar3c@last.fm,fnf5NNV12.!,1995-03-20 10:19:47,Female,Customer
Athena,Mawford,amawford3d,amawford3d@wisc.edu,elx5RXM78.!,1992-12-04 09:38:44,Female,Customer
Hiram,Fanshaw,hfanshaw3e,hfanshaw3e@fema.gov,tix5UTJ48.!,1999-11-06 02:06:35,Male,Customer
Ailsun,Pallasch,apallasch3f,apallasch3f@deviantart.com,ped0NEZ40.!,1991-04-09 10:41:51,Female,Customer
Garfield,Woollends,gwoollends3g,gwoollends3g@pbs.org,jjr5CTA88.!,2008-09-29 01:25:21,Male,Customer
Barris,Pfaffe,bpfaffe3h,bpfaffe3h@naver.com,yma1QAP19.!,1998-03-25 17:33:28,Male,Customer
Randal,Sabater,rsabater3i,rsabater3i@mail.ru,jur0VCA10.!,2007-10-17 21:19:52,Male,Customer
Andris,Addicott,aaddicott3j,aaddicott3j@pinterest.com,vpe4WHK20.!,1980-11-17 11:28:47,Male,Customer
Sigfried,Lauks,slauks3k,slauks3k@house.gov,rhn0WAW64.!,1996-10-22 11:26:36,Male,Customer
Rhea,Fernie,rfernie3l,rfernie3l@weebly.com,ltb1JIX51.!,1988-02-02 15:17:52,Female,Customer
Kristi,Rodden,krodden3m,krodden3m@twitpic.com,qpq5HND52.!,1994-05-24 22:14:36,Female,Customer
Cullen,Vokes,cvokes3n,cvokes3n@usa.gov,aqv8LES85.!,1993-12-12 07:50:30,Male,Customer
Nanice,Mathissen,nmathissen3o,nmathissen3o@creativecommons.org,xzd7NHJ19.!,1997-10-16 00:27:02,Female,Customer
Delores,Struan,dstruan3p,dstruan3p@umn.edu,plp1ANY51.!,1993-11-16 19:59:38,Female,Customer
Marlene,Ornillos,mornillos3q,mornillos3q@quantcast.com,qgl6RIL34.!,1992-03-17 09:32:12,Female,Customer
Caitrin,Petters,cpetters3r,cpetters3r@spotify.com,ebp2OFV82.!,2004-06-12 17:20:03,Female,Customer
Esma,Searle,esearle3s,esearle3s@instagram.com,lsy1EKO93.!,2008-07-18 08:24:02,Female,Customer
Claudina,Dmitrovic,cdmitrovic3t,cdmitrovic3t@bizjournals.com,wux9AQE26.!,1997-04-08 15:28:26,Female,Customer
Bruno,Worwood,bworwood3u,bworwood3u@meetup.com,tto4NTW22.!,1986-10-30 22:08:55,Male,Customer
Theo,Wroth,twroth3v,twroth3v@bing.com,vog7MLZ10.!,2008-01-31 13:24:08,Male,Customer
Cello,Dring,cdring3w,cdring3w@zdnet.com,roa7YOG96.!,2000-04-29 15:54:43,Male,Customer
Petey,Cripin,pcripin3x,pcripin3x@freewebs.com,lai0DAL40.!,1996-12-15 08:06:51,Male,Customer
Evelyn,Vearnals,evearnals3y,evearnals3y@stanford.edu,zgy1XTL53.!,1998-01-29 06:14:44,Male,Customer
Domeniga,Duck,dduck3z,dduck3z@opensource.org,vnp5YNT82.!,1990-07-17 01:31:01,Female,Customer
Bartolomeo,Bearfoot,bbearfoot40,bbearfoot40@ocn.ne.jp,kgm8ICR61.!,1998-04-06 20:02:21,Male,Customer
Reyna,Soares,rsoares41,rsoares41@nyu.edu,quz9BSN46.!,1988-12-31 13:12:08,Female,Customer
Lauri,Lafaye,llafaye42,llafaye42@constantcontact.com,kty9YAC57.!,1986-03-05 16:17:27,Female,Customer
Celia,Tower,ctower43,ctower43@seesaa.net,qap0YIA21.!,1987-02-21 04:18:00,Female,Customer
Georg,Schultheiss,gschultheiss44,gschultheiss44@house.gov,itt6WKI99.!,1989-06-06 01:35:19,Male,Customer
Hollyanne,Cary,hcary45,hcary45@xing.com,uip5MXB71.!,2009-01-03 15:05:57,Female,Customer
Serge,Goadsby,sgoadsby46,sgoadsby46@wix.com,yjz2VTH29.!,1994-01-28 22:56:48,Male,Customer
Weylin,Brack,wbrack47,wbrack47@pbs.org,bak6ANO46.!,1982-07-14 13:05:17,Male,Customer
Klara,Teasdale,kteasdale48,kteasdale48@xrea.com,nul5QAV43.!,1992-10-18 05:01:47,Female,Customer
Cathe,Ottewell,cottewell49,cottewell49@loc.gov,fwv7AUU51.!,2003-12-26 00:02:56,Female,Customer
Loren,Tupie,ltupie4a,ltupie4a@yale.edu,dlz5UVR20.!,1986-10-22 08:56:22,Male,Customer
Kellie,Bryer,kbryer4b,kbryer4b@dailymail.co.uk,ggq6DAO04.!,1988-07-07 06:06:47,Female,Customer
Tomas,Jannex,tjannex4c,tjannex4c@livejournal.com,hdb7WBU11.!,1983-11-21 00:34:23,Male,Customer
Wendall,Hinkens,whinkens4d,whinkens4d@altervista.org,abr4MPP07.!,2005-07-25 14:38:35,Male,Customer
Sashenka,Sillis,ssillis4e,ssillis4e@typepad.com,cuo3HCR94.!,2002-05-17 12:22:14,Female,Customer
Corly,Juggins,cjuggins4f,cjuggins4f@ehow.com,ols0GLG40.!,1983-03-19 12:23:02,Female,Customer
Collie,Rogerot,crogerot4g,crogerot4g@weibo.com,qoc4WFC82.!,1988-01-27 10:22:14,Female,Customer
Warde,Dowman,wdowman4h,wdowman4h@ft.com,miy7GRP36.!,1986-09-23 15:39:45,Male,Customer
Bernadine,Eliasson,beliasson4i,beliasson4i@chron.com,vzg6UUG92.!,2008-09-18 13:16:33,Female,Customer
Bobbe,Klampk,bklampk4j,bklampk4j@nbcnews.com,qiz3GAV74.!,2003-03-11 05:44:51,Female,Customer
Pet,Dracksford,pdracksford4k,pdracksford4k@berkeley.edu,fid2VYX06.!,2008-02-26 05:23:01,Female,Customer
Tonie,Pittock,tpittock4l,tpittock4l@tiny.cc,yyl4NSG00.!,2000-02-04 17:40:18,Female,Customer
Eolande,Paddon,epaddon4m,epaddon4m@wufoo.com,oqm5FDK97.!,1989-06-09 05:55:37,Female,Customer
Ezri,Mallows,emallows4n,emallows4n@sourceforge.net,llx8JPJ75.!,1987-11-05 19:45:22,Male,Customer
Pete,Wahner,pwahner4o,pwahner4o@miitbeian.gov.cn,ikz8GOV02.!,2003-01-25 00:51:19,Male,Customer
Buckie,Beckinsale,bbeckinsale4p,bbeckinsale4p@artisteer.com,rhk5LXU57.!,1999-01-01 21:06:00,Male,Customer
Daron,Brandli,dbrandli4q,dbrandli4q@army.mil,ake2JFC27.!,2001-04-07 07:50:26,Female,Customer
Nettie,Knights,nknights4r,nknights4r@cornell.edu,jrb4HXX77.!,1989-07-03 21:42:40,Female,Customer
Guglielma,Keningham,gkeningham4s,gkeningham4s@chicagotribune.com,yzp3WNC41.!,1982-05-27 11:08:51,Female,Customer
Fae,Sitlington,fsitlington4t,fsitlington4t@youtube.com,gwg9ZEU59.!,1999-01-15 18:48:15,Female,Customer
Jeannette,Hince,jhince4u,jhince4u@house.gov,zyt4WWY30.!,1981-12-31 06:38:17,Female,Customer
Valeria,Curlis,vcurlis4v,vcurlis4v@twitter.com,hqg0ZRG65.!,1991-01-31 00:23:41,Female,Customer
Cornell,Mutlow,cmutlow4w,cmutlow4w@exblog.jp,owe0ZHN14.!,2009-02-26 09:49:59,Male,Customer
Barde,Kobiela,bkobiela4x,bkobiela4x@apache.org,osq4KEQ18.!,2003-03-13 14:12:12,Male,Customer
Malvin,Birbeck,mbirbeck4y,mbirbeck4y@google.com.au,jet6AGP49.!,1985-06-17 22:55:47,Male,Customer
Whitney,Judkins,wjudkins4z,wjudkins4z@unesco.org,rgf6MNQ58.!,1991-01-12 22:57:52,Male,Customer
Candi,Scholz,cscholz50,cscholz50@businessinsider.com,sxf9FTW14.!,1999-04-16 20:29:29,Female,Customer
Imogene,Beckhurst,ibeckhurst51,ibeckhurst51@samsung.com,tud0EHA57.!,1986-11-10 14:37:41,Female,Customer
Obadias,Treker,otreker52,otreker52@alexa.com,lzy0SJK06.!,2000-09-05 21:19:43,Male,Customer
Chloris,Dikelin,cdikelin53,cdikelin53@hugedomains.com,cmj1NPF31.!,1998-07-20 18:07:10,Female,Customer
Brian,Kinver,bkinver54,bkinver54@mlb.com,vqe1GAT97.!,2010-02-22 17:15:50,Male,Customer
Godwin,Kevlin,gkevlin55,gkevlin55@economist.com,qfg0TXV72.!,2009-12-21 04:48:44,Male,Customer
Janella,Hinksen,jhinksen56,jhinksen56@myspace.com,jgj3CHU66.!,1991-07-18 01:32:33,Female,Customer
Lazar,McGrirl,lmcgrirl57,lmcgrirl57@apache.org,kkt3EXP57.!,1983-08-22 21:39:34,Male,Customer
Thelma,Londing,tlonding58,tlonding58@domainmarket.com,fsf3WBB58.!,1986-10-21 04:10:06,Female,Customer
Trudie,Handman,thandman59,thandman59@timesonline.co.uk,goe6MHE70.!,1991-10-08 11:49:23,Female,Customer
Gare,Lewsam,glewsam5a,glewsam5a@macromedia.com,ztm5APH01.!,1980-12-02 15:56:43,Male,Customer
Oriana,Dumbrall,odumbrall5b,odumbrall5b@washington.edu,dzx5LMH23.!,1995-08-31 07:04:19,Female,Customer
Noreen,Tremmil,ntremmil5c,ntremmil5c@shinystat.com,sqe3BEN57.!,1991-04-24 04:30:20,Female,Customer
Albertina,Macari,amacari5d,amacari5d@livejournal.com,unt6EKK83.!,2003-03-12 21:55:48,Female,Customer
Kerrin,Siddens,ksiddens5e,ksiddens5e@ucsd.edu,pph9DJA02.!,1992-12-10 09:51:13,Female,Customer
Vilma,Dugue,vdugue5f,vdugue5f@mac.com,kpo7MAQ47.!,2005-12-11 10:02:11,Female,Customer
Sampson,Blakiston,sblakiston5g,sblakiston5g@ebay.co.uk,asz9DPA52.!,1998-03-30 10:48:47,Male,Customer
Seka,Berrecloth,sberrecloth5h,sberrecloth5h@e-recht24.de,tzl5KTR49.!,2008-06-22 10:17:06,Female,Customer
Brok,Akaster,bakaster5i,bakaster5i@yolasite.com,eqg7MMC67.!,1993-07-11 12:34:18,Male,Customer
Kakalina,Hrishanok,khrishanok5j,khrishanok5j@businesswire.com,rjp5TCP87.!,2002-10-15 13:51:40,Female,Customer
Jessy,Dering,jdering5k,jdering5k@soup.io,srg6XYI42.!,1994-08-22 03:03:40,Female,Customer
Xerxes,Urling,xurling5l,xurling5l@blogger.com,jtf5WJR04.!,1998-06-14 15:50:46,Male,Customer
Cleavland,MacGee,cmacgee5m,cmacgee5m@about.me,fxg0LBQ62.!,2000-11-16 12:23:52,Male,Customer
Shanan,Landeg,slandeg5n,slandeg5n@soundcloud.com,sws8HQD05.!,1987-01-25 05:54:17,Male,Customer
Cariotta,Sarginson,csarginson5o,csarginson5o@blogs.com,mzr8ZUM47.!,2007-07-06 07:04:03,Female,Customer
Sella,Stoker,sstoker5p,sstoker5p@unc.edu,nqd4VQG87.!,2000-01-13 16:15:23,Female,Customer
Dermot,Fozzard,dfozzard5q,dfozzard5q@arstechnica.com,uee5PIX16.!,1995-12-05 16:21:37,Male,Customer
Rollin,Bayly,rbayly5r,rbayly5r@posterous.com,lta4AUL52.!,1986-02-11 19:40:04,Male,Customer
Raine,Wardhaw,rwardhaw5s,rwardhaw5s@mozilla.org,hzg3EFM43.!,1985-03-14 15:44:25,Female,Customer
Constancy,Soaper,csoaper5t,csoaper5t@comsenz.com,tun4QIB44.!,1981-06-19 18:59:17,Female,Customer
Dennie,Bapty,dbapty5u,dbapty5u@google.com.au,iwa2LGW52.!,2008-10-09 01:47:24,Female,Customer
Boote,Mucci,bmucci5v,bmucci5v@sphinn.com,fvd3YSX10.!,1985-09-17 00:49:52,Male,Customer
Pattin,Brantzen,pbrantzen5w,pbrantzen5w@google.cn,lig7VBM65.!,1985-07-22 09:32:44,Male,Customer
Jodie,Killock,jkillock5x,jkillock5x@bluehost.com,gqx1DGQ77.!,2003-04-28 15:20:51,Male,Customer
Hildy,Dominique,hdominique5y,hdominique5y@dedecms.com,diy7GDT43.!,1991-02-22 23:15:47,Female,Customer
Luce,Pasticznyk,lpasticznyk5z,lpasticznyk5z@bbc.co.uk,ebd6QZC50.!,1991-11-22 00:05:02,Female,Customer
Lula,Milburne,lmilburne60,lmilburne60@google.com.au,elm8KPL01.!,1994-03-16 05:15:20,Female,Customer
Sybil,Hawler,shawler61,shawler61@fastcompany.com,hot0OPW11.!,2007-06-20 03:42:57,Female,Customer
Veronique,Linscott,vlinscott62,vlinscott62@gmpg.org,bac6ECO93.!,1997-03-26 15:39:39,Female,Customer
Feodora,Broadhead,fbroadhead63,fbroadhead63@godaddy.com,hsv5PAG28.!,2004-07-13 11:05:53,Female,Customer
Mitchael,Pren,mpren64,mpren64@newsvine.com,qlf2EKQ45.!,1992-03-31 17:40:13,Male,Customer
Janaye,Tudor,jtudor65,jtudor65@umich.edu,srd6CUF52.!,1992-05-03 23:55:06,Female,Customer
Larina,Foster,lfoster66,lfoster66@wikispaces.com,wvu1VIY80.!,1999-06-13 03:22:45,Female,Customer
Woodman,Askew,waskew67,waskew67@liveinternet.ru,wfo1JES60.!,1990-09-05 04:29:49,Male,Customer
Ludvig,Fawdrey,lfawdrey68,lfawdrey68@cyberchimps.com,rea5ONA28.!,2000-09-16 14:29:11,Male,Customer
Aggie,Tall,atall69,atall69@nationalgeographic.com,eby5DOX54.!,1981-07-07 06:42:10,Female,Customer
Raye,Betser,rbetser6a,rbetser6a@harvard.edu,sni4KQY96.!,2006-07-01 11:51:16,Female,Customer
Hubie,Leyre,hleyre6b,hleyre6b@networksolutions.com,sjy2DWM59.!,1981-05-30 22:19:45,Male,Customer
Cary,Scutching,cscutching6c,cscutching6c@paginegialle.it,nnl9TVB17.!,1985-09-07 05:52:45,Female,Customer
Bartholomew,Vinau,bvinau6d,bvinau6d@nymag.com,qdw5UJP87.!,2005-12-16 17:12:00,Male,Customer
Blondy,Tabbitt,btabbitt6e,btabbitt6e@psu.edu,hie2XFB38.!,1985-10-17 10:43:25,Female,Customer
Albie,Blaylock,ablaylock6f,ablaylock6f@phoca.cz,ole7UWV59.!,2006-06-18 12:41:36,Male,Customer
Shelly,Swindles,sswindles6g,sswindles6g@mashable.com,dsm6GDI99.!,1987-08-16 06:14:26,Female,Customer
Yvonne,Levensky,ylevensky6h,ylevensky6h@un.org,yik3YWG45.!,2002-07-23 21:10:48,Female,Customer
Miof mela,Amer,mamer6i,mamer6i@g.co,xsx6DEM96.!,1989-10-31 00:16:04,Female,Customer
Lowrance,Edwins,ledwins6j,ledwins6j@mediafire.com,eqy9ALU08.!,1996-10-05 15:04:02,Male,Customer
Henry,Carbery,hcarbery6k,hcarbery6k@last.fm,hsa7SLS08.!,2000-09-20 15:00:15,Male,Customer
Cherrita,Eakly,ceakly6l,ceakly6l@bravesites.com,eec0UXM60.!,2009-04-21 22:03:21,Female,Customer
Ludvig,Rishbrook,lrishbrook6m,lrishbrook6m@yellowpages.com,wvu8CEK61.!,1996-02-17 08:30:48,Male,Customer
Tuck,Bleaden,tbleaden6n,tbleaden6n@slate.com,mnx3EYV59.!,1985-04-12 14:42:23,Male,Customer
Maureen,Shapiro,mshapiro6o,mshapiro6o@fotki.com,eoy7NFR95.!,1990-10-07 17:32:23,Female,Customer
Chadwick,Smales,csmales6p,csmales6p@weather.com,mud2HPO91.!,1997-06-13 11:41:52,Male,Customer
Alejandra,Paddick,apaddick6q,apaddick6q@csmonitor.com,bgo5VCD17.!,1996-03-15 18:51:53,Female,Customer
Laraine,Ropartz,lropartz6r,lropartz6r@hostgator.com,xlu8TAM71.!,2006-05-17 22:54:21,Female,Customer
Susana,Shallcross,sshallcross6s,sshallcross6s@ehow.com,cle1LXP14.!,2007-06-27 14:38:56,Female,Customer
Franciska,Dunkerley,fdunkerley6t,fdunkerley6t@vk.com,lkw8BHU41.!,2000-11-06 22:02:26,Female,Customer
Maxy,Le febre,mlefebre6u,mlefebre6u@dailymail.co.uk,oap6ZDK91.!,1982-12-14 23:25:19,Male,Customer
Ambrosius,Folini,afolini6v,afolini6v@reverbnation.com,fzl8IBQ72.!,2002-06-11 22:07:08,Male,Customer
Bern,Biscomb,bbiscomb6w,bbiscomb6w@reverbnation.com,kdp0ZFQ34.!,1996-06-26 12:58:49,Male,Customer
Juliette,Brundale,jbrundale6x,jbrundale6x@alexa.com,gxh4XZK02.!,1998-08-22 09:17:51,Female,Customer
Winna,Surgey,wsurgey6y,wsurgey6y@163.com,smi6SBV52.!,2005-10-15 05:13:23,Female,Customer
Shirlee,Coolahan,scoolahan6z,scoolahan6z@sakura.ne.jp,brp0JDD14.!,1991-02-02 06:19:59,Female,Customer
Branden,Putton,bputton70,bputton70@angelfire.com,rvs3UNS83.!,1988-01-16 20:08:08,Male,Customer
Nannette,Edgeller,nedgeller71,nedgeller71@gov.uk,lgs5COY33.!,1986-08-06 00:44:24,Female,Customer
Papagena,Huston,phuston72,phuston72@amazon.de,noc6GLW79.!,2002-06-15 15:39:49,Female,Customer
Christoffer,Fevier,cfevier73,cfevier73@ibm.com,jym3PPS22.!,1995-02-02 18:04:08,Male,Customer
Mace,Leyland,mleyland74,mleyland74@uol.com.br,xtf0EBH45.!,1986-09-16 01:06:22,Male,Customer
Ede,Cosser,ecosser75,ecosser75@icq.com,aaa6LMK61.!,1990-04-11 11:06:34,Female,Customer
Hyacinthie,Fontenot,hfontenot76,hfontenot76@unesco.org,xbm6KPC41.!,1991-04-12 14:03:40,Female,Customer
Tabitha,Wheildon,twheildon77,twheildon77@walmart.com,muq5ZMB99.!,2006-09-07 14:32:38,Female,Customer
Fidelity,De Francisci,fdefrancisci78,fdefrancisci78@vistaprint.com,orz8MPF12.!,1995-11-16 18:58:05,Female,Customer
Stanley,Szachniewicz,sszachniewicz79,sszachniewicz79@google.es,vit2OOC22.!,1981-06-15 17:18:38,Male,Customer
Harlin,Woolforde,hwoolforde7a,hwoolforde7a@jimdo.com,aat7TDN51.!,2006-02-26 07:54:31,Male,Customer
Ingelbert,Dunsmuir,idunsmuir7b,idunsmuir7b@mail.ru,cim9XJB41.!,2000-02-07 19:38:23,Male,Customer
Moreen,Hardy,mhardy7c,mhardy7c@statcounter.com,upg5WKX21.!,1983-03-28 12:23:34,Female,Customer
Andy,Crocombe,acrocombe7d,acrocombe7d@mashable.com,vzn4QRK52.!,2004-12-31 16:39:49,Female,Customer
Gram,holmes,gholmes7e,gholmes7e@lulu.com,vlp9MES57.!,1987-01-19 12:10:39,Male,Customer
Merell,Petrolli,mpetrolli7f,mpetrolli7f@telegraph.co.uk,bek8KVC47.!,1995-08-26 08:13:48,Male,Customer
Zola,Bowry,zbowry7g,zbowry7g@cornell.edu,oqf1SKJ03.!,1988-04-11 17:56:17,Female,Customer
Ricki,Bywater,rbywater7h,rbywater7h@wikispaces.com,rml7TRZ37.!,1985-07-25 10:36:22,Female,Customer
Joanne,Avramovsky,javramovsky7i,javramovsky7i@bloglines.com,kns4TET03.!,1998-03-18 02:48:26,Female,Customer
Seymour,Spavon,sspavon7j,sspavon7j@joomla.org,nwo1UKA99.!,2001-07-29 16:29:38,Male,Customer
Courtney,Gerrard,cgerrard7k,cgerrard7k@sbwire.com,arr2INN48.!,1998-12-01 08:10:12,Male,Customer
Cacilie,Ebdon,cebdon7l,cebdon7l@reference.com,hmc9YGX30.!,2003-07-08 14:55:56,Female,Customer
Eric,Henrie,ehenrie7m,ehenrie7m@google.com.br,wum2ZCN62.!,1997-06-06 00:27:19,Male,Customer
Douglas,Crickett,dcrickett7n,dcrickett7n@desdev.cn,otz9KOJ18.!,1980-06-26 07:33:45,Male,Customer
Gina,Attaway,gattaway7o,gattaway7o@about.me,aky2TCC71.!,1981-06-20 11:25:52,Female,Customer
Lucinda,Bortolini,lbortolini7p,lbortolini7p@51.la,slh4YMT86.!,1984-12-04 10:21:31,Female,Customer
Ealasaid,Reinert,ereinert7q,ereinert7q@chronoengine.com,qgz9GQN49.!,2000-07-27 12:12:03,Female,Customer
Riki,Geindre,rgeindre7r,rgeindre7r@ebay.co.uk,ovn3JAU46.!,2002-05-21 01:59:19,Female,Customer
Jehu,Dilke,jdilke7s,jdilke7s@dot.gov,vyy6EBQ67.!,1980-08-14 04:38:29,Male,Customer
Candra,Duignan,cduignan7t,cduignan7t@seesaa.net,pfr8UXR65.!,1999-04-28 03:46:39,Female,Customer
Camella,Hatch,chatch7u,chatch7u@deviantart.com,vtx7IUF31.!,1995-07-20 08:37:00,Female,Customer
Vinny,Chaperling,vchaperling7v,vchaperling7v@cbslocal.com,pqb6JEQ00.!,2008-01-17 20:28:01,Female,Customer
Arvie,Leipold,aleipold7w,aleipold7w@pcworld.com,ovx5JLY19.!,1996-05-12 05:11:40,Male,Customer
Janey,Godbold,jgodbold7x,jgodbold7x@fc2.com,cag7QBC96.!,1984-08-11 03:01:45,Female,Customer
Frank,Gerrets,fgerrets7y,fgerrets7y@sciencedirect.com,shz7GSS00.!,1996-11-11 15:31:21,Male,Customer
Caresa,Main,cmain7z,cmain7z@free.fr,hau2GBA14.!,1990-10-08 13:38:51,Female,Customer
Renell,Toping,rtoping80,rtoping80@weebly.com,olv6NGL72.!,1985-04-21 10:22:50,Female,Customer
Rory,Hilldrup,rhilldrup81,rhilldrup81@instagram.com,vkj3LVW31.!,2003-11-18 06:46:23,Female,Customer
Roley,Dreakin,rdreakin82,rdreakin82@usnews.com,aws2VVM05.!,2008-11-25 14:37:07,Male,Customer
Ebeneser,Altoft,ealtoft83,ealtoft83@harvard.edu,mnu7TPB03.!,1980-07-05 07:24:31,Male,Customer
Minetta,Mouncher,mmouncher84,mmouncher84@freewebs.com,ppc9PYZ24.!,1980-10-29 22:37:16,Female,Customer
Guthry,Jemison,gjemison85,gjemison85@illinois.edu,znj1TIA53.!,1984-08-19 19:19:36,Male,Customer
Jackelyn,Seery,jseery86,jseery86@wikimedia.org,xsp1OAW38.!,1991-11-27 17:30:26,Female,Customer
Ev,Perell,eperell87,eperell87@utexas.edu,qyz2IMG15.!,1989-03-04 13:29:50,Male,Customer
Wanda,McWhannel,wmcwhannel88,wmcwhannel88@gnu.org,sbk5LLK25.!,2006-05-27 13:49:36,Female,Customer
Minerva,McIlmurray,mmcilmurray89,mmcilmurray89@umich.edu,mur4IOJ63.!,1996-09-26 22:18:30,Female,Customer
Giffie,Vannuccinii,gvannuccinii8a,gvannuccinii8a@geocities.jp,kje4LZV96.!,2000-07-04 12:33:34,Male,Customer
Jenica,Belamy,jbelamy8b,jbelamy8b@artisteer.com,izb0KSR83.!,1985-01-24 17:13:59,Female,Customer
Marshal,Whitely,mwhitely8c,mwhitely8c@cdbaby.com,qgl0KIT46.!,1998-12-08 04:15:06,Male,Customer
Zebulon,Chattoe,zchattoe8d,zchattoe8d@friendfeed.com,xap4QPG08.!,1999-03-10 04:57:07,Male,Customer
Jerri,Walkey,jwalkey8e,jwalkey8e@nba.com,wwr4GBH41.!,1982-11-18 04:10:04,Male,Customer
Aksel,Halfpenny,ahalfpenny8f,ahalfpenny8f@va.gov,emi9TUW49.!,1996-03-04 23:32:02,Male,Customer
Elden,Sausman,esausman8g,esausman8g@marketwatch.com,koi4YES45.!,1995-07-28 21:28:02,Male,Customer
Rubin,Simmans,rsimmans8h,rsimmans8h@dedecms.com,gbo3BSD39.!,2002-05-24 01:38:27,Male,Customer
Aguste,Pfeifer,apfeifer8i,apfeifer8i@blogtalkradio.com,gbb7ABO69.!,1991-06-24 00:55:08,Male,Customer
Ozzie,Hing,ohing8j,ohing8j@bbb.org,sod1DUD62.!,1980-09-17 07:34:46,Male,Customer
Meara,Hacking,mhacking8k,mhacking8k@hibu.com,agx4OLZ54.!,1986-04-01 12:26:55,Female,Customer
Anjela,Clem,aclem8l,aclem8l@booking.com,mky0WGW01.!,2006-05-14 07:17:59,Female,Customer
Wainwright,Bowes,wbowes8m,wbowes8m@1und1.de,rep4WMN03.!,1999-10-14 14:34:40,Male,Customer
Ranice,Andraud,randraud8n,randraud8n@nydailynews.com,gfd5VNL88.!,1996-05-13 21:21:27,Female,Customer
Orsa,Mowsdill,omowsdill8o,omowsdill8o@narod.ru,vro1AYN63.!,1991-12-04 14:11:05,Female,Customer
Maribelle,Stivani,mstivani8p,mstivani8p@unc.edu,koq1SZX00.!,1982-07-18 22:32:36,Female,Customer
Sally,Coupar,scoupar8q,scoupar8q@ft.com,szd0UMW34.!,2009-01-02 03:22:20,Female,Customer
Ingram,Inskipp,iinskipp8r,iinskipp8r@php.net,yqc5ELA07.!,1985-01-25 15:34:42,Male,Customer
Orren,Cota,ocota8s,ocota8s@list-manage.com,azw0RDD99.!,2004-07-12 02:12:33,Male,Customer
Maible,Savil,msavil8t,msavil8t@acquirethisname.com,zfz7HHE21.!,1994-10-15 11:14:34,Female,Customer
Ashton,Pryer,apryer8u,apryer8u@economist.com,gvz2ARX47.!,2001-10-26 06:44:57,Male,Customer
Hadley,Northgraves,hnorthgraves8v,hnorthgraves8v@bloomberg.com,ull4YAF68.!,2006-08-29 21:24:28,Male,Customer
Jedd,Carratt,jcarratt8w,jcarratt8w@ucsd.edu,gfp8OAQ30.!,1982-02-10 07:39:49,Male,Customer
Clevie,McGerr,cmcgerr8x,cmcgerr8x@parallels.com,apk4GMG27.!,1992-09-02 20:49:23,Male,Customer
Tiffanie,MacGray,tmacgray8y,tmacgray8y@mapquest.com,ymp0DLD41.!,1996-08-08 11:33:25,Female,Customer
Arley,Duester,aduester8z,aduester8z@miibeian.gov.cn,uvw0VPZ29.!,1995-01-10 11:47:40,Male,Customer
Neil,Renol,nrenol90,nrenol90@salon.com,zme3RSV21.!,1980-05-14 09:54:29,Male,Customer
Frans,Shalloe,fshalloe91,fshalloe91@fema.gov,mdo7VRA33.!,2009-10-23 06:37:43,Male,Customer
Junie,Klimkov,jklimkov92,jklimkov92@google.pl,bjr6EHJ53.!,1980-04-25 03:09:10,Female,Customer
Opalina,Mulliner,omulliner93,omulliner93@symantec.com,viy8MHT73.!,2009-12-30 15:12:22,Female,Customer
Blair,Studart,bstudart94,bstudart94@angelfire.com,pqa1PDH00.!,2001-01-12 21:32:58,Male,Customer
Upton,Pea,upea95,upea95@ow.ly,zsq8ICJ38.!,2007-03-22 23:27:50,Male,Customer
Blaine,Bowers,bbowers96,bbowers96@jigsy.com,kwg3TIY47.!,1986-12-29 09:27:25,Male,Customer
Byran,Bygott,bbygott97,bbygott97@ibm.com,qhg5YBE37.!,1992-04-03 23:14:17,Male,Customer
Elmer,Flaxman,eflaxman98,eflaxman98@blogspot.com,nca6WQC25.!,1983-08-24 10:38:52,Male,Customer
Ronald,Volks,rvolks99,rvolks99@cargocollective.com,pjf5PVX14.!,2008-12-28 04:09:16,Male,Customer
Sayre,Atkins,satkins9a,satkins9a@ezinearticles.com,mzb3FDB15.!,1997-09-06 04:35:05,Male,Customer
Drake,Peagrim,dpeagrim9b,dpeagrim9b@unicef.org,bxy4XQP18.!,1985-07-11 10:29:37,Male,Customer
Hastie,Eble,heble9c,heble9c@vimeo.com,csg5PRZ43.!,1996-09-15 16:08:35,Male,Customer
Hillier,Henryson,hhenryson9d,hhenryson9d@netvibes.com,xgb3KLL01.!,2005-06-19 16:13:50,Male,Customer
Kassandra,Darby,kdarby9e,kdarby9e@yale.edu,wpo8ZHI33.!,1993-05-21 17:09:56,Female,Customer
Fawnia,Gibbin,fgibbin9f,fgibbin9f@sina.com.cn,lkh0QRQ23.!,2005-12-07 07:58:29,Female,Customer
Joellen,Barthelemy,jbarthelemy9g,jbarthelemy9g@devhub.com,gqf4RHR85.!,2007-10-17 11:50:16,Female,Customer
Elvis,Haselup,ehaselup9h,ehaselup9h@digg.com,zvc6TWO15.!,1994-08-20 09:55:43,Male,Customer
Abbe,Howes,ahowes9i,ahowes9i@quantcast.com,rle1GSY99.!,2007-12-07 08:46:23,Male,Customer
Neil,Eshmade,neshmade9j,neshmade9j@japanpost.jp,vmi3OOI67.!,1982-11-02 15:16:19,Male,Customer
Lazare,Friedman,lfriedman9k,lfriedman9k@dmoz.org,ktq5HHC15.!,1989-03-07 02:07:54,Male,Customer
Linet,More,lmore9l,lmore9l@goo.ne.jp,igq5WNO71.!,1995-11-12 14:28:55,Female,Customer
Filberte,Nutman,fnutman9m,fnutman9m@blogs.com,ngp5SJL50.!,1995-06-29 08:55:08,Male,Customer
Giacomo,Kohlert,gkohlert9n,gkohlert9n@usnews.com,gcq3NQZ42.!,1995-11-04 11:14:55,Male,Customer
Toby,Winear,twinear9o,twinear9o@answers.com,qqu3TUZ40.!,1994-09-22 06:24:10,Male,Customer
Grantham,Neilson,gneilson9p,gneilson9p@slate.com,vnd0MEE80.!,2003-02-17 10:38:56,Male,Customer
Saudra,Dommett,sdommett9q,sdommett9q@merriam-webster.com,bxb3FRY19.!,2000-04-12 06:14:29,Female,Customer
Nessie,Whitesel,nwhitesel9r,nwhitesel9r@usa.gov,ijx4ZNX45.!,1985-01-25 19:01:40,Female,Customer
Henriette,Veness,hveness9s,hveness9s@cdc.gov,moq2PYH09.!,2003-06-20 16:47:40,Female,Customer
Hedvige,Scogings,hscogings9t,hscogings9t@dailymail.co.uk,ubk4YCC84.!,1995-04-26 10:30:45,Female,Customer
Judah,Gabits,jgabits9u,jgabits9u@ning.com,wxj8SJL62.!,1987-02-06 09:23:55,Male,Customer
Clint,Tregidgo,ctregidgo9v,ctregidgo9v@nhs.uk,xdq8AVC14.!,2003-06-08 22:31:14,Male,Customer
Graeme,Meekin,gmeekin9w,gmeekin9w@state.tx.us,lwb0YGY98.!,1993-08-31 07:18:33,Male,Customer
Barbie,Brokenbrow,bbrokenbrow9x,bbrokenbrow9x@nps.gov,gyf1URA54.!,2007-09-05 08:57:42,Female,Customer
Niki,Freire,nfreire9y,nfreire9y@youku.com,lcp8UNP07.!,2005-11-06 08:58:28,Male,Customer
Oswell,Claesens,oclaesens9z,oclaesens9z@mtv.com,sfo9VRH06.!,2003-05-20 19:22:37,Male,Customer
Sara,Foxcroft,sfoxcrofta0,sfoxcrofta0@elegantthemes.com,sca9BOY90.!,2006-05-01 04:39:15,Female,Customer
Gretna,Amy,gamya1,gamya1@shinystat.com,teg1QSR46.!,1987-03-10 22:40:37,Female,Customer
Ana,Druce,adrucea2,adrucea2@gmpg.org,vtv7AAT19.!,2007-07-25 10:39:58,Female,Customer
Francis,Beedom,fbeedoma3,fbeedoma3@china.com.cn,vom1QXS52.!,1988-04-23 11:04:34,Male,Customer
Pris,Listone,plistonea4,plistonea4@altervista.org,aqb5HLN21.!,1993-11-09 22:07:12,Female,Customer
Kelcey,Piolli,kpiollia5,kpiollia5@is.gd,eeq3ULF54.!,2008-06-06 03:01:11,Female,Customer
Fayina,Jorden,fjordena6,fjordena6@mashable.com,ckc6FQK54.!,2007-06-12 15:38:49,Female,Customer
Beau,Spybey,bspybeya7,bspybeya7@wikispaces.com,qsc3GMB03.!,1983-03-26 16:32:56,Male,Customer
Burk,Loddy,bloddya8,bloddya8@earthlink.net,dan6FWA93.!,2005-07-28 01:23:46,Male,Customer
Rickert,Miere,rmierea9,rmierea9@ebay.co.uk,xtd9NKU32.!,2007-06-25 12:38:50,Male,Customer
Wynn,Redmond,wredmondaa,wredmondaa@tinypic.com,yee8OJT23.!,2000-05-10 09:22:18,Male,Customer
Leighton,Dallywater,ldallywaterab,ldallywaterab@whitehouse.gov,tsp5ABS15.!,2006-06-10 11:05:05,Male,Customer
Lorna,Prandini,lprandiniac,lprandiniac@soundcloud.com,xwh5FCB19.!,2000-01-29 02:19:41,Female,Customer
Lanie,Acors,lacorsad,lacorsad@bluehost.com,msv3UQP98.!,2004-09-01 23:09:10,Male,Customer
Rog,Laddle,rladdleae,rladdleae@hp.com,yxy1GMK10.!,1981-02-23 12:46:28,Male,Customer
Janeta,Paddick,jpaddickaf,jpaddickaf@acquirethisname.com,jyg5MAU48.!,1982-04-30 19:51:27,Female,Customer
Courtney,Bartlett,cbartlettag,cbartlettag@themeforest.net,ykj4NDA19.!,2007-04-28 18:51:02,Female,Customer
Shelley,Inett,sinettah,sinettah@rediff.com,gsf7VLD12.!,1987-05-27 04:08:22,Female,Customer
Alfons,Ferrucci,aferrucciai,aferrucciai@constantcontact.com,leu8PMW80.!,1987-06-18 01:31:30,Male,Customer
Brennen,Cano,bcanoaj,bcanoaj@apple.com,ivc7UVJ32.!,1990-07-05 09:26:56,Male,Customer
Garrott,Aspenlon,gaspenlonak,gaspenlonak@e-recht24.de,xss6RQW22.!,1990-03-21 20:52:15,Male,Customer
Mendel,Tatlock,mtatlockal,mtatlockal@ustream.tv,sac7ZUB86.!,2005-07-14 16:16:21,Male,Customer
Collin,Wigan,cwiganam,cwiganam@hud.gov,pmk5DDN94.!,2007-03-01 02:16:00,Male,Customer
Gardie,Diess,gdiessan,gdiessan@g.co,poo2HCY30.!,1999-01-20 20:21:41,Male,Customer
Maris,Edelmann,medelmannao,medelmannao@fema.gov,cpj2KON80.!,2000-06-18 07:15:27,Female,Customer
Anetta,Bothe,abotheap,abotheap@angelfire.com,rxh3NDS67.!,1984-03-22 15:25:26,Female,Customer
Halette,Bedbrough,hbedbroughaq,hbedbroughaq@sfgate.com,sas5KKT66.!,1984-09-18 15:45:51,Female,Customer
Cleve,Slocom,cslocomar,cslocomar@mit.edu,pca5YWG35.!,1997-12-04 10:57:09,Male,Customer
Maiga,Brotherick,mbrotherickas,mbrotherickas@plala.or.jp,byc3AEO70.!,1980-05-19 04:08:48,Female,Customer
Washington,Harriot,wharriotat,wharriotat@aol.com,fnp4WXN60.!,2002-05-05 03:58:02,Male,Customer
Thurstan,MacTimpany,tmactimpanyau,tmactimpanyau@hibu.com,mkp3LBL84.!,1987-12-01 10:58:26,Male,Customer
Jobina,Stedson,jstedsonav,jstedsonav@upenn.edu,asn9IQC50.!,1993-11-12 05:10:30,Female,Customer
Nevins,Buffey,nbuffeyaw,nbuffeyaw@addthis.com,agw8SIW38.!,2003-01-29 23:49:29,Male,Customer
Letizia,Orr,lorrax,lorrax@example.com,xsl0SWN45.!,1989-12-17 11:41:53,Female,Customer
Devlin,Glenn,dglennay,dglennay@army.mil,dlb5FHY24.!,2004-03-19 01:45:49,Male,Customer
Constantine,Maddox,cmaddoxaz,cmaddoxaz@constantcontact.com,pxl3ZNK59.!,2009-08-09 04:23:41,Female,Customer
Alessandro,Mougin,amouginb0,amouginb0@squarespace.com,wpc6YAT97.!,2000-05-27 20:30:30,Male,Customer
Pearla,Mugglestone,pmugglestoneb1,pmugglestoneb1@ocn.ne.jp,twn8DYM28.!,1999-11-25 07:18:58,Female,Customer
Sergio,Gentsch,sgentschb2,sgentschb2@myspace.com,cqj4PTP45.!,2005-06-13 01:49:12,Male,Customer
Clayborn,Mudie,cmudieb3,cmudieb3@purevolume.com,cmd1TGM24.!,2002-01-17 05:29:42,Male,Customer
Myles,Klaes,mklaesb4,mklaesb4@vimeo.com,vcj6YJG77.!,1996-07-02 08:55:50,Male,Customer
Eberhard,Benzies,ebenziesb5,ebenziesb5@sciencedaily.com,zoj8XTU24.!,2003-12-19 15:32:47,Male,Customer
Lisabeth,Lampens,llampensb6,llampensb6@apple.com,imj2FAF97.!,1990-12-14 15:56:01,Female,Customer
Jason,Gustus,jgustusb7,jgustusb7@amazonaws.com,upk3RYH67.!,1994-07-18 17:41:09,Male,Customer
Joete,Djekovic,jdjekovicb8,jdjekovicb8@ft.com,zav2EBO13.!,1982-05-27 18:32:36,Female,Customer
Tarah,Sharpley,tsharpleyb9,tsharpleyb9@eepurl.com,qnc0IZX28.!,2009-07-07 09:34:37,Female,Customer
Hurleigh,Carn,hcarnba,hcarnba@gnu.org,mus5ILK72.!,2002-04-01 20:20:36,Male,Customer
Leola,Teasdale,lteasdalebb,lteasdalebb@last.fm,rwu9RLN51.!,1982-09-27 21:04:57,Female,Customer
Antoine,Coultard,acoultardbc,acoultardbc@ning.com,ytf3FHJ09.!,1983-12-24 11:50:09,Male,Customer
Adora,Lumbley,alumbleybd,alumbleybd@360.cn,mnr1NMM92.!,1992-05-26 12:36:00,Female,Customer
Heindrick,Nacey,hnaceybe,hnaceybe@google.fr,lue2ADX15.!,1980-06-13 16:59:23,Male,Customer
Valentijn,Yair,vyairbf,vyairbf@histats.com,fuc0IRS13.!,1994-11-01 00:31:45,Male,Customer
Dougy,Templar,dtemplarbg,dtemplarbg@mayoclinic.com,okf9JFM34.!,2005-08-31 14:25:04,Male,Customer
Waly,Skacel,wskacelbh,wskacelbh@php.net,hji3UGE26.!,2002-11-10 12:11:20,Female,Customer
Adrian,Moakler,amoaklerbi,amoaklerbi@dell.com,zfq2UWX70.!,1996-01-25 06:45:19,Female,Customer
Pennie,Skull,pskullbj,pskullbj@marriott.com,vzg2AGM23.!,1994-01-27 02:21:43,Female,Customer
Bettina,Roe,broebk,broebk@google.es,ynh5RTV01.!,1991-01-29 18:53:06,Female,Customer
Riley,Widdowson,rwiddowsonbl,rwiddowsonbl@nsw.gov.au,bqe3CXI68.!,2002-05-04 15:12:52,Male,Customer
Austine,Rubi,arubibm,arubibm@wiley.com,qjf6XBP35.!,2003-02-28 05:36:23,Female,Customer
Sheridan,Matejic,smatejicbn,smatejicbn@prweb.com,tzw9RKJ33.!,1990-04-05 10:58:27,Male,Customer
Kimbell,Chittim,kchittimbo,kchittimbo@cafepress.com,fdm2FUP90.!,1982-06-26 04:09:59,Male,Customer
Boyce,Carpenter,bcarpenterbp,bcarpenterbp@vimeo.com,agg6HLG88.!,1991-04-20 07:45:23,Male,Customer
Weidar,Josephy,wjosephybq,wjosephybq@slideshare.net,jlv5MQZ91.!,1998-05-12 03:16:51,Male,Customer
Elene,Prosser,eprosserbr,eprosserbr@gnu.org,akf6AXW50.!,1981-05-09 05:08:34,Female,Customer
Filberte,Giffen,fgiffenbs,fgiffenbs@hexun.com,bva8ISQ91.!,1999-10-13 22:24:53,Male,Customer
Denny,Gonin,dgoninbt,dgoninbt@123-reg.co.uk,dmi4OJD13.!,1997-12-21 14:49:21,Male,Customer
Seamus,O' Markey,somarkeybu,somarkeybu@nifty.com,smm8ISJ58.!,1985-04-15 23:19:46,Male,Customer
Clarence,Kirsz,ckirszbv,ckirszbv@devhub.com,trc6EIE23.!,1991-03-04 22:04:28,Male,Customer
Gavra,Berthot,gberthotbw,gberthotbw@smh.com.au,cqm2KVK42.!,1998-03-09 16:43:17,Female,Customer
Alanah,Sollner,asollnerbx,asollnerbx@xrea.com,fyd6KOA19.!,1991-03-15 01:43:14,Female,Customer
Cayla,Hayford,chayfordby,chayfordby@behance.net,wjh3VNR94.!,1996-01-19 23:36:55,Female,Customer
Legra,Haselgrove,lhaselgrovebz,lhaselgrovebz@vimeo.com,wum9IRY34.!,1993-10-12 07:44:52,Female,Customer
Rab,Corinton,rcorintonc0,rcorintonc0@cocolog-nifty.com,rod4NHM67.!,1996-06-12 22:34:21,Male,Customer
Mead,Chrestien,mchrestienc1,mchrestienc1@army.mil,vey3IVC54.!,2004-04-13 00:00:51,Male,Customer
Smith,Mousdall,smousdallc2,smousdallc2@slashdot.org,vya1ROO39.!,2003-01-20 08:16:52,Male,Customer
Ethelbert,Jiroutek,ejiroutekc3,ejiroutekc3@nhs.uk,qkk1AXF07.!,1994-03-23 18:57:08,Male,Customer
Mala,Berney,mberneyc4,mberneyc4@indiegogo.com,lgu5DSL07.!,1991-09-21 23:17:28,Female,Customer
Opaline,Kynd,okyndc5,okyndc5@istockphoto.com,qsl5NJM22.!,1984-07-27 02:06:49,Female,Customer
Dave,Derycot,dderycotc6,dderycotc6@ezinearticles.com,ymc8KVH00.!,1980-07-31 22:12:18,Male,Customer
Laurena,Bewley,lbewleyc7,lbewleyc7@intel.com,xzl8MJV27.!,1987-03-22 22:50:04,Female,Customer
Ariadne,Maberley,amaberleyc8,amaberleyc8@usatoday.com,hnb6CXX76.!,1985-09-20 09:16:48,Female,Customer
Robbi,Payfoot,rpayfootc9,rpayfootc9@opensource.org,ppz9WMK30.!,1984-03-26 00:06:49,Female,Customer
Clemens,Berthouloume,cberthouloumeca,cberthouloumeca@parallels.com,vgq8LMK39.!,2009-11-03 21:19:46,Male,Customer
Alyce,Kealey,akealeycb,akealeycb@about.me,shh3WYS95.!,1985-11-28 01:25:38,Female,Customer
Angele,Greder,agredercc,agredercc@histats.com,bjw4QYK43.!,2009-06-15 12:06:28,Female,Customer
Gareth,Garton,ggartoncd,ggartoncd@answers.com,zob5JXI16.!,2000-01-04 08:30:16,Male,Customer
Braden,Apdell,bapdellce,bapdellce@devhub.com,wxf0ZJL29.!,1981-09-18 08:27:01,Male,Customer
Virginie,Avieson,vaviesoncf,vaviesoncf@chronoengine.com,klf7PHD95.!,1981-05-01 14:53:33,Female,Customer
Biddy,Hamsley,bhamsleycg,bhamsleycg@networkadvertising.org,csm3GGS79.!,2001-06-08 14:36:13,Female,Customer
Allianora,Powell,apowellch,apowellch@cargocollective.com,rtq1UZF85.!,2006-01-11 14:33:22,Female,Customer
Nisse,Shacklady,nshackladyci,nshackladyci@walmart.com,hgq2FEC24.!,2005-11-12 01:32:28,Female,Customer
Doralynne,Witchalls,dwitchallscj,dwitchallscj@usda.gov,bii9RHM91.!,1991-03-06 08:51:25,Female,Customer
Marten,Athow,mathowck,mathowck@pcworld.com,ers8VKD20.!,1981-11-04 08:39:34,Male,Customer
Gerik,Deave,gdeavecl,gdeavecl@nationalgeographic.com,olq0VXE01.!,2003-02-22 12:39:53,Male,Customer
Barry,Wyndham,bwyndhamcm,bwyndhamcm@fotki.com,mqp6WPV14.!,2001-02-19 15:53:55,Male,Customer
Reinhold,Alabastar,ralabastarcn,ralabastarcn@instagram.com,ipj8IEW16.!,1991-05-10 17:08:23,Male,Customer
Kirby,Shalloe,kshalloeco,kshalloeco@msu.edu,kfc4QXS91.!,1981-06-27 01:39:44,Female,Customer
Rupert,Andrus,randruscp,randruscp@sakura.ne.jp,pfq8XKS83.!,2009-01-24 21:31:06,Male,Customer
Kingsly,Kuhnhardt,kkuhnhardtcq,kkuhnhardtcq@irs.gov,bfl8FNV06.!,1994-01-01 09:25:43,Male,Customer
Elisha,Behn,ebehncr,ebehncr@qq.com,ray3HJU84.!,2001-08-26 03:51:21,Female,Customer
Claretta,Funnell,cfunnellcs,cfunnellcs@zimbio.com,gla1RBP10.!,1992-11-22 03:59:12,Female,Customer
Jan,Sandland,jsandlandct,jsandlandct@behance.net,wuw0YXS69.!,1995-11-05 14:13:02,Male,Customer
Dyana,Dikes,ddikescu,ddikescu@dion.ne.jp,oxr6GUD29.!,2005-07-24 13:19:27,Female,Customer
Cynthy,Mee,cmeecv,cmeecv@ezinearticles.com,xsg5MBF41.!,1983-07-14 10:40:54,Female,Customer
Sebastien,Gobel,sgobelcw,sgobelcw@google.it,bfb1HVN70.!,1990-01-27 20:07:46,Male,Customer
Chick,Overton,covertoncx,covertoncx@elpais.com,gsc1CTS31.!,2002-04-01 15:19:21,Male,Customer
Randa,Boat,rboatcy,rboatcy@imgur.com,vyd8REF12.!,1988-07-15 02:26:30,Female,Customer
Estel,Rolland,erollandcz,erollandcz@altervista.org,bgu4TPJ96.!,1998-09-08 02:39:05,Female,Customer
Tuckie,Bedbrough,tbedbroughd0,tbedbroughd0@sfgate.com,dgl2EGX62.!,1981-04-27 21:31:17,Male,Customer
Carilyn,Blannin,cblannind1,cblannind1@fda.gov,vdf4ZJO27.!,1996-07-06 04:16:30,Female,Customer
Bear,Delhay,bdelhayd2,bdelhayd2@miitbeian.gov.cn,koq7HWD82.!,1994-04-20 12:18:33,Male,Customer
Addie,McCleary,amcclearyd3,amcclearyd3@miibeian.gov.cn,udh9UCF13.!,1987-03-02 18:25:54,Female,Customer
Burk,Pinxton,bpinxtond4,bpinxtond4@samsung.com,vcs8VFB35.!,1981-09-27 23:09:22,Male,Customer
Korry,Holyard,kholyardd5,kholyardd5@nationalgeographic.com,uly3JEW34.!,1994-11-01 16:49:58,Female,Customer
Jess,Torri,jtorrid6,jtorrid6@gmpg.org,bok0JTK91.!,1994-02-09 19:10:18,Male,Customer
Waylin,Pavie,wpavied7,wpavied7@geocities.jp,sho7WYI47.!,1985-10-19 04:11:34,Male,Customer
Ross,Bondar,rbondard8,rbondard8@cornell.edu,pwx5QTV19.!,1994-10-28 14:51:50,Male,Customer
Neville,Stroban,nstroband9,nstroband9@i2i.jp,vyu6MGO17.!,1993-07-18 22:09:02,Male,Customer
Berne,Fuster,bfusterda,bfusterda@sun.com,euh6UUQ57.!,1999-04-02 16:55:38,Male,Customer
Agna,Llopis,allopisdb,allopisdb@mediafire.com,lys1LPK66.!,1988-12-12 15:09:22,Female,Customer
Miguela,Crate,mcratedc,mcratedc@eepurl.com,fsb4IGX90.!,2000-02-25 14:02:43,Female,Customer
Cassondra,Yabsley,cyabsleydd,cyabsleydd@walmart.com,qim8FKX20.!,1981-02-17 17:44:02,Female,Customer
Early,Biggam,ebiggamde,ebiggamde@typepad.com,gso6SRS02.!,2005-06-14 10:31:45,Male,Customer
Hynda,Aikman,haikmandf,haikmandf@uiuc.edu,rsj8CQT54.!,1980-10-10 19:10:42,Female,Customer
Thain,Demougeot,tdemougeotdg,tdemougeotdg@ehow.com,lia9CMX67.!,1995-02-03 17:07:36,Male,Customer
Kinna,Dallan,kdallandh,kdallandh@ning.com,mkr0WVJ16.!,2000-08-16 00:27:40,Female,Customer
Modestine,Floyde,mfloydedi,mfloydedi@topsy.com,jmp7IHO67.!,2008-12-17 12:46:11,Female,Customer
Nefen,Kemwal,nkemwaldj,nkemwaldj@hostgator.com,sdp8OQO51.!,1986-11-09 15:27:56,Male,Customer
Boris,Keling,bkelingdk,bkelingdk@ft.com,met9JTJ14.!,2006-04-01 07:50:41,Male,Customer
Goddard,Sentinella,gsentinelladl,gsentinelladl@whitehouse.gov,qjd9NGG67.!,1993-06-17 03:53:10,Male,Customer
Lianna,Errol,lerroldm,lerroldm@sphinn.com,zqn0RDH57.!,1990-06-30 15:14:58,Female,Customer
Catrina,Pargeter,cpargeterdn,cpargeterdn@is.gd,cxd0HXC88.!,2003-10-15 23:52:24,Female,Customer
Dorice,Covotto,dcovottodo,dcovottodo@cdc.gov,klr2CWX51.!,2009-10-03 20:27:11,Female,Customer
Gregory,Waddingham,gwaddinghamdp,gwaddinghamdp@tamu.edu,fwx9XKW01.!,1991-09-08 20:29:30,Male,Customer
Reynolds,Carles,rcarlesdq,rcarlesdq@edublogs.org,xux4YSR01.!,1993-03-16 01:27:32,Male,Customer
Dougy,Moss,dmossdr,dmossdr@macromedia.com,sfc3YJW28.!,2010-02-04 05:25:23,Male,Customer
Aldric,Nuton,anutonds,anutonds@psu.edu,tku6TDG92.!,2004-01-09 15:06:44,Male,Customer
Roley,Tillett,rtillettdt,rtillettdt@newsvine.com,isp0RJI65.!,2006-07-01 16:37:11,Male,Customer
Darice,Tummond,dtummonddu,dtummonddu@umn.edu,txj9NRE97.!,1992-09-12 13:56:58,Female,Customer
Aylmar,Headan,aheadandv,aheadandv@simplemachines.org,ben2LRS61.!,2000-11-23 10:09:42,Male,Customer
